Run,Seed,Generation,BestPenalty,MeanPenalty,BestHardPenalty
1,2026,1,6268,17926.74375,5700
1,2026,2,3148,15083.99375,2300
1,2026,3,3148,13036.89375,2300
1,2026,4,530,11706.625,0
1,2026,5,530,10527.96875,0
1,2026,6,530,8931.04375,0
1,2026,7,530,8143.625,0
1,2026,8,530,6071.55625,0
1,2026,9,530,5001.9625,0
1,2026,10,530,3578.1875,0
1,2026,11,530,2972.01875,0
1,2026,12,530,2138.86875,0
1,2026,13,530,1887.84375,0
1,2026,14,530,2163.29375,0
1,2026,15,530,2151.075,0
1,2026,16,530,1883.09375,0
1,2026,17,530,2299.86875,0
1,2026,18,530,2004.7625,0
1,2026,19,530,2606.075,0
1,2026,20,530,2061.3875,0
1,2026,21,530,2689.38125,0
1,2026,22,530,2081.73125,0
1,2026,23,530,2283.7875,0
1,2026,24,530,2241.1,0
1,2026,25,530,2091.7375,0
1,2026,26,530,1856.4125,0
1,2026,27,530,2199.45625,0
1,2026,28,530,2328.4375,0
1,2026,29,530,2136.03125,0
1,2026,30,530,2652.35625,0
1,2026,31,530,2112.55,0
1,2026,32,530,1745.7,0
1,2026,33,530,2081.75,0
1,2026,34,530,2543.25625,0
1,2026,35,530,2519.99375,0
1,2026,36,530,2604.4,0
1,2026,37,530,2551.425,0
1,2026,38,530,2464.08125,0
1,2026,39,530,1984.30625,0
1,2026,40,530,2597.61875,0
1,2026,41,530,2168.9,0
1,2026,42,530,2367.05625,0
1,2026,43,530,2419.95625,0
1,2026,44,530,2116.1375,0
1,2026,45,530,2214.24375,0
1,2026,46,530,2277.4,0
1,2026,47,530,2543.0375,0
1,2026,48,530,2100.4125,0
1,2026,49,530,1968.9125,0
1,2026,50,530,2522.54375,0
1,2026,51,530,2385.48125,0
1,2026,52,530,1900.15,0
1,2026,53,530,2139.36875,0
1,2026,54,530,2450.8625,0
1,2026,55,530,2218.04375,0
1,2026,56,530,2219.0875,0
1,2026,57,530,2142.09375,0
1,2026,58,530,2270.1,0
1,2026,59,530,2167.96875,0
1,2026,60,530,2397.13125,0
1,2026,61,530,2308.49375,0
1,2026,62,530,2163.225,0
1,2026,63,530,2258.1,0
1,2026,64,530,2765.35625,0
1,2026,65,530,1962.56875,0
1,2026,66,530,2398.29375,0
1,2026,67,530,2193.31875,0
1,2026,68,530,2488.11875,0
1,2026,69,530,2367.94375,0
1,2026,70,530,2370.3375,0
1,2026,71,530,2431.06875,0
1,2026,72,530,2306.6,0
1,2026,73,530,2335.4625,0
1,2026,74,530,2341.38125,0
1,2026,75,530,2255.33125,0
1,2026,76,530,2094.74375,0
1,2026,77,530,2017.00625,0
1,2026,78,530,1902.6125,0
1,2026,79,530,2202.80625,0
1,2026,80,530,2290.175,0
1,2026,81,530,2805.9875,0
1,2026,82,530,2320.2375,0
1,2026,83,530,1962.3875,0
1,2026,84,530,2204.06875,0
1,2026,85,530,2535.225,0
1,2026,86,530,2253.175,0
1,2026,87,530,2064.3125,0
1,2026,88,530,2288.6375,0
1,2026,89,530,2620.70625,0
1,2026,90,530,2354.41875,0
1,2026,91,530,2170.43125,0
1,2026,92,530,2336.69375,0
1,2026,93,530,1963.1625,0
1,2026,94,530,2277.29375,0
1,2026,95,530,2053.6625,0
1,2026,96,530,2404.85625,0
1,2026,97,530,2127.9125,0
1,2026,98,530,2257.38125,0
1,2026,99,530,2292.20625,0
1,2026,100,530,2147.28125,0
1,2026,101,530,2635.78125,0
1,2026,102,530,2371.75,0
1,2026,103,530,2664.23125,0
1,2026,104,530,2288.38125,0
1,2026,105,530,2519.5375,0
1,2026,106,530,2512.96875,0
1,2026,107,530,2399.68125,0
1,2026,108,530,1955.30625,0
1,2026,109,530,2577.06875,0
1,2026,110,530,1756.8875,0
1,2026,111,530,1865.51875,0
1,2026,112,530,2062.9875,0
1,2026,113,530,2198.75625,0
1,2026,114,530,2094.575,0
1,2026,115,530,2493.30625,0
1,2026,116,530,2309.7875,0
1,2026,117,530,2359.19375,0
1,2026,118,530,2165.325,0
1,2026,119,530,2144.06875,0
1,2026,120,530,2227.6,0
1,2026,121,530,1730.75625,0
1,2026,122,530,2057.11875,0
1,2026,123,530,1886.76875,0
1,2026,124,530,2103,0
1,2026,125,530,2055.05,0
1,2026,126,530,2364.725,0
1,2026,127,530,2106.48125,0
1,2026,128,530,2242.35,0
1,2026,129,530,2352.4625,0
1,2026,130,530,2146.8875,0
1,2026,131,530,1947.4875,0
1,2026,132,530,2017.14375,0
1,2026,133,530,2211.4,0
1,2026,134,530,2046.55,0
1,2026,135,530,2344.7875,0
1,2026,136,530,2502.30625,0
1,2026,137,530,2139.225,0
1,2026,138,530,2198.8375,0
1,2026,139,530,2183.70625,0
1,2026,140,530,2379.16875,0
1,2026,141,530,2269.55,0
1,2026,142,530,2632.6125,0
1,2026,143,530,2843.84375,0
1,2026,144,530,2456.76875,0
1,2026,145,530,2095.56875,0
1,2026,146,530,2481.475,0
1,2026,147,530,2438.625,0
1,2026,148,530,2273.975,0
1,2026,149,530,2362.24375,0
1,2026,150,530,2419.51875,0
1,2026,151,530,2320.5125,0
1,2026,152,530,1941.6625,0
1,2026,153,530,2246.9875,0
1,2026,154,530,1921.3625,0
2,2027,1,9552,18158.975,9100
2,2027,2,6793,15561.15625,5800
2,2027,3,5619,13903.01875,4700
2,2027,4,752,12072.2625,0
2,2027,5,752,10745.25625,0
2,2027,6,752,9832.1625,0
2,2027,7,752,9324.025,0
2,2027,8,752,8899.075,0
2,2027,9,672,7436.95625,0
2,2027,10,672,6498.95,0
2,2027,11,672,6475.95625,0
2,2027,12,647,5849.40625,0
2,2027,13,647,5084.36875,0
2,2027,14,647,4273.25,0
2,2027,15,362,4048.66875,0
2,2027,16,362,3630.8875,0
2,2027,17,362,3758.33125,0
2,2027,18,362,3880.1875,0
2,2027,19,362,4010.64375,0
2,2027,20,362,3964.45,0
2,2027,21,362,4085.68125,0
2,2027,22,362,3547.70625,0
2,2027,23,362,3349.23125,0
2,2027,24,362,2837.85625,0
2,2027,25,362,3122.33125,0
2,2027,26,362,3642.98125,0
2,2027,27,362,3408.24375,0
2,2027,28,362,3358.625,0
2,2027,29,362,3338.43125,0
2,2027,30,362,2696.5125,0
2,2027,31,362,2866.7875,0
2,2027,32,362,2637.525,0
2,2027,33,362,3311.8375,0
2,2027,34,362,2488.90625,0
2,2027,35,362,2224.84375,0
2,2027,36,362,2791.89375,0
2,2027,37,362,2327.9875,0
2,2027,38,362,2574.11875,0
2,2027,39,362,2700.63125,0
2,2027,40,362,2778.06875,0
2,2027,41,362,3304.58125,0
2,2027,42,362,2675.425,0
2,2027,43,362,2548.54375,0
2,2027,44,362,2586.6875,0
2,2027,45,362,3154.15,0
2,2027,46,284,2924.60625,0
3,2028,1,6533,18194.00625,5700
3,2028,2,6507,15148.41875,5800
3,2028,3,4430,13547.0125,3400
3,2028,4,3379,12001.50625,2300
3,2028,5,3098,9965.91875,2400
3,2028,6,3098,8879.83125,2400
3,2028,7,698,8745.49375,0
3,2028,8,698,8380.78125,0
3,2028,9,698,7579.5625,0
3,2028,10,698,7150.49375,0
3,2028,11,698,6752.9875,0
3,2028,12,698,6110.30625,0
3,2028,13,698,5458.6625,0
3,2028,14,698,4711.95625,0
3,2028,15,652,3680.86875,0
3,2028,16,652,3495.48125,0
3,2028,17,652,3827.3875,0
3,2028,18,652,3181.075,0
3,2028,19,652,2486.6875,0
3,2028,20,652,2358.09375,0
3,2028,21,652,2450.0875,0
3,2028,22,652,2189.63125,0
3,2028,23,652,2120.31875,0
3,2028,24,652,2244.00625,0
3,2028,25,652,1853.3625,0
3,2028,26,652,2479.8125,0
3,2028,27,652,2200.3375,0
3,2028,28,652,2139.45625,0
3,2028,29,652,2449.23125,0
3,2028,30,652,1903.54375,0
3,2028,31,652,2371.25,0
3,2028,32,652,2036.33125,0
3,2028,33,652,2292.44375,0
3,2028,34,652,2407.0375,0
3,2028,35,652,2396.90625,0
3,2028,36,652,2400.4375,0
3,2028,37,652,2073.08125,0
3,2028,38,652,1966.10625,0
3,2028,39,652,1973.375,0
3,2028,40,652,1976.10625,0
3,2028,41,652,2517.06875,0
3,2028,42,652,2346.4625,0
3,2028,43,652,2368.65625,0
3,2028,44,652,2330.71875,0
3,2028,45,652,2284.63125,0
3,2028,46,612,2284.54375,0
3,2028,47,612,2176.78125,0
3,2028,48,612,2579.83125,0
3,2028,49,612,2806.33125,0
3,2028,50,612,2131.25,0
3,2028,51,596,2467.73125,0
3,2028,52,532,2856.325,0
3,2028,53,532,3134.34375,0
3,2028,54,532,3120.48125,0
3,2028,55,532,2970.41875,0
3,2028,56,532,2556.3125,0
3,2028,57,532,2742.28125,0
3,2028,58,532,2426.84375,0
3,2028,59,532,2656.825,0
3,2028,60,532,2278.44375,0
3,2028,61,532,1956.7,0
3,2028,62,532,2031.2875,0
3,2028,63,532,1929.00625,0
3,2028,64,532,2330.69375,0
3,2028,65,532,2367.81875,0
3,2028,66,532,2119.8875,0
3,2028,67,532,2158.8,0
3,2028,68,532,2602.3375,0
3,2028,69,532,2385.675,0
3,2028,70,532,2031.3125,0
3,2028,71,532,2536.31875,0
3,2028,72,532,1753.5625,0
3,2028,73,532,2566.26875,0
3,2028,74,532,2322.425,0
3,2028,75,532,2288.55625,0
3,2028,76,532,1900.8625,0
3,2028,77,532,2321.55625,0
3,2028,78,532,2099.86875,0
3,2028,79,532,2525.65625,0
3,2028,80,532,2131.23125,0
3,2028,81,532,1969.74375,0
3,2028,82,532,2238.6,0
3,2028,83,532,2378.5125,0
3,2028,84,532,2209.40625,0
3,2028,85,532,2616.49375,0
3,2028,86,532,2140.04375,0
3,2028,87,532,1948.21875,0
3,2028,88,532,2056.175,0
3,2028,89,532,2165.39375,0
3,2028,90,532,2595.8375,0
3,2028,91,532,2264.99375,0
3,2028,92,532,2532.39375,0
3,2028,93,532,2202.975,0
3,2028,94,532,2434.675,0
3,2028,95,532,2049.69375,0
3,2028,96,532,2193.225,0
3,2028,97,532,2362.54375,0
3,2028,98,532,2325.70625,0
3,2028,99,532,2040.2125,0
3,2028,100,532,2210.275,0
3,2028,101,532,2237.5875,0
3,2028,102,532,2579.75625,0
3,2028,103,532,2465.13125,0
3,2028,104,532,2641.91875,0
3,2028,105,532,2125.29375,0
3,2028,106,532,2320.98125,0
3,2028,107,532,2024.525,0
3,2028,108,532,2192.44375,0
3,2028,109,532,2410.725,0
3,2028,110,532,2255.95,0
3,2028,111,532,2249.96875,0
3,2028,112,532,2084.6,0
3,2028,113,532,2057.16875,0
3,2028,114,532,1947.5875,0
3,2028,115,532,2279.98125,0
3,2028,116,532,2292.16875,0
3,2028,117,532,2228.69375,0
3,2028,118,532,1891.80625,0
3,2028,119,532,1888.425,0
3,2028,120,532,2229.30625,0
3,2028,121,532,2291.2375,0
3,2028,122,532,2121.8125,0
3,2028,123,532,2470.61875,0
3,2028,124,532,2328.76875,0
3,2028,125,532,2282.51875,0
3,2028,126,532,2642.525,0
3,2028,127,532,2544.9,0
3,2028,128,532,2713.3625,0
3,2028,129,532,2345.5125,0
3,2028,130,532,2216.38125,0
3,2028,131,532,2275.7125,0
3,2028,132,532,2337.30625,0
3,2028,133,532,2460.65,0
3,2028,134,532,2295.83125,0
3,2028,135,532,2037.85,0
3,2028,136,532,1938.6375,0
3,2028,137,532,2477.23125,0
3,2028,138,532,2440.775,0
3,2028,139,532,2440.4375,0
3,2028,140,532,1978.2375,0
3,2028,141,532,2460.9125,0
3,2028,142,532,2482.35,0
3,2028,143,532,1992.425,0
3,2028,144,532,1868.75625,0
3,2028,145,532,1900.98125,0
3,2028,146,532,2629.8,0
3,2028,147,532,2439.2,0
3,2028,148,532,2669.7375,0
3,2028,149,532,2395.99375,0
3,2028,150,532,1963.10625,0
3,2028,151,532,1981.63125,0
3,2028,152,532,2245.78125,0
3,2028,153,532,2268.6625,0
3,2028,154,532,2169.4625,0
3,2028,155,532,2382.30625,0
3,2028,156,532,2300.20625,0
3,2028,157,532,2383.40625,0
3,2028,158,532,2042.5875,0
3,2028,159,532,2084.80625,0
3,2028,160,532,2245.56875,0
3,2028,161,532,2081.9,0
3,2028,162,532,2283.25625,0
3,2028,163,532,2548.7,0
3,2028,164,532,2354.48125,0
3,2028,165,532,1754.90625,0
3,2028,166,532,2288.40625,0
3,2028,167,532,2592.4375,0
3,2028,168,532,2543.4625,0
3,2028,169,532,2348.91875,0
3,2028,170,532,2454.36875,0
3,2028,171,532,2447.65,0
3,2028,172,532,2287.91875,0
3,2028,173,532,1847.9125,0
3,2028,174,532,1941.34375,0
3,2028,175,532,2266.725,0
3,2028,176,532,2147.4125,0
3,2028,177,532,2488.20625,0
3,2028,178,532,2371.875,0
3,2028,179,532,2365.9,0
3,2028,180,532,2431.01875,0
3,2028,181,532,2372.65,0
3,2028,182,532,2584.2625,0
3,2028,183,532,2306.9375,0
3,2028,184,532,1955.11875,0
3,2028,185,532,2117.075,0
3,2028,186,532,2304.34375,0
3,2028,187,532,2168.09375,0
3,2028,188,532,2080.3875,0
3,2028,189,532,2025.58125,0
3,2028,190,532,1943.21875,0
3,2028,191,532,2086.91875,0
3,2028,192,532,2136.1125,0
3,2028,193,532,2320.15,0
3,2028,194,532,2545.40625,0
3,2028,195,532,2329.46875,0
3,2028,196,530,2177.0625,0
3,2028,197,530,2726.6,0
3,2028,198,530,2519.6,0
3,2028,199,530,2275.46875,0
3,2028,200,530,2396.2625,0
3,2028,201,530,2574.09375,0
3,2028,202,530,2405.7125,0
3,2028,203,530,2906.95,0
3,2028,204,530,2468.89375,0
3,2028,205,530,2852.46875,0
3,2028,206,530,2496.45625,0
3,2028,207,530,2644.725,0
3,2028,208,530,2361.65625,0
3,2028,209,530,2462.65,0
3,2028,210,530,2465.2125,0
3,2028,211,530,2143.425,0
3,2028,212,530,2216.7875,0
3,2028,213,530,2481.90625,0
3,2028,214,530,2737.91875,0
3,2028,215,530,2605.275,0
3,2028,216,530,2522.88125,0
3,2028,217,530,2939.8625,0
3,2028,218,530,2333.75,0
3,2028,219,530,2342.95,0
3,2028,220,530,2285.35625,0
3,2028,221,530,2184.675,0
3,2028,222,530,2240.78125,0
3,2028,223,530,2505.0625,0
3,2028,224,530,2844.7,0
3,2028,225,530,2190.35,0
3,2028,226,530,2569.55625,0
3,2028,227,530,2055.71875,0
3,2028,228,530,2227.25625,0
3,2028,229,530,2178.525,0
3,2028,230,530,2478.9375,0
3,2028,231,530,2266.375,0
3,2028,232,530,2511.0125,0
3,2028,233,530,2575.4625,0
3,2028,234,530,2174.25,0
3,2028,235,530,2365.84375,0
3,2028,236,530,2104.8625,0
3,2028,237,530,2187.4125,0
3,2028,238,530,2323.1,0
3,2028,239,530,2293.58125,0
3,2028,240,530,1959.00625,0
3,2028,241,530,2493.88125,0
3,2028,242,530,2193.30625,0
3,2028,243,530,2280.20625,0
3,2028,244,530,2023.80625,0
3,2028,245,530,2299.09375,0
3,2028,246,530,2280.88125,0
3,2028,247,530,2649.16875,0
3,2028,248,530,2078.925,0
3,2028,249,530,2406.8125,0
3,2028,250,530,2404.5875,0
3,2028,251,530,2598.65625,0
3,2028,252,530,2133.475,0
3,2028,253,530,2229.8375,0
3,2028,254,530,1781.14375,0
3,2028,255,530,2234.3625,0
3,2028,256,530,2490.05625,0
3,2028,257,530,2559.6375,0
3,2028,258,530,2684.63125,0
3,2028,259,530,1949.4875,0
3,2028,260,530,2806.29375,0
3,2028,261,530,2700.50625,0
3,2028,262,530,2331.6125,0
3,2028,263,530,2182.8125,0
3,2028,264,530,2382.70625,0
3,2028,265,530,2119.525,0
3,2028,266,530,2233.0375,0
3,2028,267,530,2234.475,0
3,2028,268,530,2498.3625,0
3,2028,269,530,2457.55,0
3,2028,270,530,2771.56875,0
3,2028,271,530,2491.35625,0
3,2028,272,530,2405.8125,0
3,2028,273,530,2272.94375,0
3,2028,274,530,2203.99375,0
3,2028,275,530,2420.41875,0
3,2028,276,530,2005.1125,0
3,2028,277,530,2310.4,0
3,2028,278,530,2291.3875,0
3,2028,279,530,2256.7,0
3,2028,280,530,2590.29375,0
3,2028,281,530,2208.36875,0
3,2028,282,530,2228.19375,0
3,2028,283,530,2332.9875,0
3,2028,284,530,2245,0
3,2028,285,530,2419.00625,0
3,2028,286,530,2352.2875,0
3,2028,287,530,2391.04375,0
3,2028,288,530,2200.05625,0
3,2028,289,530,2217.7875,0
3,2028,290,530,2324.26875,0
3,2028,291,530,2530.8875,0
3,2028,292,530,2407.09375,0
3,2028,293,530,2032.8,0
3,2028,294,530,2238.25625,0
3,2028,295,530,2032.98125,0
3,2028,296,530,1918.5,0
3,2028,297,530,2352.04375,0
3,2028,298,530,2060.2,0
3,2028,299,530,2452.50625,0
3,2028,300,530,2169.675,0
3,2028,301,530,2430.325,0
3,2028,302,530,2280.0375,0
3,2028,303,530,2551.68125,0
3,2028,304,530,1916.11875,0
3,2028,305,530,2174.525,0
3,2028,306,530,2207.50625,0
3,2028,307,530,2171.1625,0
3,2028,308,530,1957.275,0
3,2028,309,530,2193.725,0
3,2028,310,530,2158.4875,0
3,2028,311,530,2519.375,0
3,2028,312,530,1981.9125,0
3,2028,313,530,1945.26875,0
3,2028,314,530,2507.775,0
3,2028,315,530,2417.28125,0
3,2028,316,530,2436.8875,0
3,2028,317,530,2389.7625,0
3,2028,318,530,1811.5125,0
3,2028,319,530,2373.08125,0
3,2028,320,530,2310.34375,0
3,2028,321,530,2060.48125,0
3,2028,322,530,2203.6,0
3,2028,323,530,1996.20625,0
3,2028,324,530,2147.96875,0
3,2028,325,530,2334.75625,0
3,2028,326,530,2080.2375,0
3,2028,327,530,2128.40625,0
3,2028,328,530,2198.13125,0
3,2028,329,530,2498.64375,0
3,2028,330,530,2850.4875,0
3,2028,331,530,2076.2375,0
3,2028,332,530,2315.10625,0
3,2028,333,530,2539.15,0
3,2028,334,530,2356.175,0
3,2028,335,530,2428.7125,0
3,2028,336,530,2402.21875,0
3,2028,337,530,2634.325,0
3,2028,338,530,2267.79375,0
3,2028,339,530,2260.2625,0
3,2028,340,530,2560.34375,0
3,2028,341,530,2404.35,0
3,2028,342,530,2544.725,0
3,2028,343,530,2513.4125,0
3,2028,344,530,2199.4875,0
3,2028,345,530,2102.4875,0
3,2028,346,530,2388.1375,0
4,2029,1,8667,17889.88125,8000
4,2029,2,6734,15348.475,5800
4,2029,3,3488,13488.3125,2400
4,2029,4,3338,11724.525,2400
4,2029,5,3010,10551.575,2400
4,2029,6,871,9592.58125,0
4,2029,7,871,8452.09375,0
4,2029,8,871,8540.81875,0
4,2029,9,770,7295.79375,0
4,2029,10,680,7231.075,0
4,2029,11,680,6611.7,0
4,2029,12,680,5430.1375,0
4,2029,13,680,5180.625,0
4,2029,14,600,4338.40625,0
4,2029,15,284,4824.74375,0
5,2030,1,6537,17782.18125,5600
5,2030,2,5847,15262.8125,4800
5,2030,3,3473,12694.68125,2400
5,2030,4,3273,11003.075,2200
5,2030,5,3068,9453.4375,2300
5,2030,6,1309,8028.4375,0
5,2030,7,1024,7856.5125,0
5,2030,8,1024,7408.99375,0
5,2030,9,762,6433.225,0
5,2030,10,762,5904.3875,0
5,2030,11,762,5910.34375,0
5,2030,12,762,5458.2625,0
5,2030,13,762,4899.00625,0
5,2030,14,762,5025.28125,0
5,2030,15,762,5047.7375,0
5,2030,16,762,3967.81875,0
5,2030,17,762,4025.85,0
5,2030,18,762,3302.36875,0
5,2030,19,698,2575.93125,0
5,2030,20,698,2304.025,0
5,2030,21,698,2194.99375,0
5,2030,22,698,2547.41875,0
5,2030,23,698,2682.91875,0
5,2030,24,698,2970.35625,0
5,2030,25,698,2976.2125,0
5,2030,26,698,2831.14375,0
5,2030,27,698,2521.95625,0
5,2030,28,698,2367.54375,0
5,2030,29,698,2672.28125,0
5,2030,30,698,3238.025,0
5,2030,31,698,2770.76875,0
5,2030,32,698,3210.30625,0
5,2030,33,698,2972.5375,0
5,2030,34,698,2648.3625,0
5,2030,35,698,2391.75,0
5,2030,36,698,2388.51875,0
5,2030,37,698,2268.35625,0
5,2030,38,698,3041.35625,0
5,2030,39,698,2652.64375,0
5,2030,40,698,2876.65625,0
5,2030,41,698,3144.6875,0
5,2030,42,698,3072.725,0
5,2030,43,698,2828.5625,0
5,2030,44,698,2333.9125,0
5,2030,45,690,2343.6125,0
5,2030,46,690,2336.79375,0
5,2030,47,690,2478.1,0
5,2030,48,690,2499.91875,0
5,2030,49,690,3183.1375,0
5,2030,50,690,2929.40625,0
5,2030,51,690,3110.73125,0
5,2030,52,690,3706.5875,0
5,2030,53,610,3660.30625,0
5,2030,54,530,3350.99375,0
5,2030,55,530,3401.06875,0
5,2030,56,530,3130.4375,0
5,2030,57,530,3000.05625,0
5,2030,58,530,2704.6375,0
5,2030,59,530,2450.15625,0
5,2030,60,530,2343.5875,0
5,2030,61,530,2523.1,0
5,2030,62,530,2748.13125,0
5,2030,63,530,2523.175,0
5,2030,64,530,2532.4375,0
5,2030,65,530,2641.63125,0
5,2030,66,530,2353.525,0
5,2030,67,530,2380.11875,0
5,2030,68,530,2655.85,0
5,2030,69,530,2858.51875,0
5,2030,70,530,2624.66875,0
5,2030,71,530,2983.39375,0
5,2030,72,530,2796.54375,0
5,2030,73,530,2820.9625,0
5,2030,74,530,2266.2375,0
5,2030,75,530,2343.35625,0
5,2030,76,530,2509.5625,0
5,2030,77,530,2587.0125,0
5,2030,78,530,2543.58125,0
5,2030,79,530,2764.85,0
5,2030,80,530,2758.46875,0
5,2030,81,530,2899.1375,0
5,2030,82,530,2486.21875,0
5,2030,83,530,2572.25625,0
5,2030,84,530,2776.53125,0
5,2030,85,530,3014.1625,0
5,2030,86,530,2944.31875,0
5,2030,87,530,3032.525,0
5,2030,88,530,2940.1625,0
5,2030,89,530,2821.79375,0
5,2030,90,530,2640.25,0
5,2030,91,530,2400.4,0
5,2030,92,530,2496.24375,0
5,2030,93,530,2794.8875,0
5,2030,94,530,2762.175,0
5,2030,95,530,2148.975,0
5,2030,96,530,2595.075,0
5,2030,97,530,2219.26875,0
5,2030,98,530,2595.025,0
5,2030,99,530,2744.1875,0
5,2030,100,530,2721.75625,0
5,2030,101,530,2921.35625,0
5,2030,102,530,2485.175,0
5,2030,103,530,2463.59375,0
5,2030,104,530,2444.0125,0
5,2030,105,530,2281.13125,0
5,2030,106,530,2948.775,0
5,2030,107,530,2791.2625,0
5,2030,108,530,2633.90625,0
5,2030,109,530,2627.225,0
5,2030,110,530,2429.48125,0
5,2030,111,530,2098.4875,0
5,2030,112,530,2414.7125,0
5,2030,113,530,2428.74375,0
5,2030,114,530,2230.73125,0
5,2030,115,530,2488.30625,0
5,2030,116,530,2100.11875,0
5,2030,117,530,2655.71875,0
5,2030,118,530,2721.5375,0
5,2030,119,530,2715.54375,0
5,2030,120,530,2805.1125,0
5,2030,121,530,2370.75625,0
5,2030,122,530,2390.84375,0
5,2030,123,530,2378.11875,0
5,2030,124,530,2411.83125,0
5,2030,125,530,2337.4875,0
5,2030,126,530,2245.90625,0
5,2030,127,530,2636.3125,0
5,2030,128,530,1988.3875,0
5,2030,129,530,3016.10625,0
5,2030,130,530,2904.84375,0
5,2030,131,530,2713.5625,0
5,2030,132,530,2604.51875,0
5,2030,133,530,2637.48125,0
5,2030,134,530,2048.3625,0
5,2030,135,530,1917.39375,0
5,2030,136,530,1856.2,0
5,2030,137,530,2304.94375,0
5,2030,138,530,2517.99375,0
5,2030,139,530,2675.93125,0
5,2030,140,530,2622.4625,0
5,2030,141,530,2151.8125,0
5,2030,142,530,2288.2625,0
5,2030,143,530,2368.81875,0
5,2030,144,530,2701.53125,0
5,2030,145,530,2230.46875,0
5,2030,146,530,2185.175,0
5,2030,147,530,2086.04375,0
5,2030,148,530,2512.33125,0
5,2030,149,530,2373.175,0
5,2030,150,530,2346.0875,0
5,2030,151,530,2434.7875,0
5,2030,152,530,2303.59375,0
5,2030,153,530,2397.4625,0
5,2030,154,530,2037.04375,0
5,2030,155,530,2530.38125,0
5,2030,156,530,2301.3625,0
5,2030,157,530,1918.525,0
5,2030,158,530,2023.99375,0
5,2030,159,530,2215.9,0
5,2030,160,530,2253.9875,0
5,2030,161,530,2657.94375,0
5,2030,162,530,2346.875,0
5,2030,163,530,2395.575,0
5,2030,164,530,2775.0875,0
5,2030,165,530,2643.7875,0
5,2030,166,530,3025.425,0
5,2030,167,530,2682.79375,0
5,2030,168,530,2741.00625,0
5,2030,169,530,2203.78125,0
5,2030,170,530,2616.68125,0
5,2030,171,530,2524.63125,0
5,2030,172,530,2510.14375,0
5,2030,173,530,2514.63125,0
5,2030,174,530,2585.6125,0
5,2030,175,530,2927.1125,0
5,2030,176,530,2518.45625,0
5,2030,177,530,2242.6375,0
5,2030,178,530,2392.225,0
5,2030,179,530,2910.63125,0
5,2030,180,530,2686.59375,0
5,2030,181,530,2750.69375,0
5,2030,182,530,2766.63125,0
5,2030,183,530,2699.76875,0
5,2030,184,530,2416.93125,0
5,2030,185,530,2730.03125,0
5,2030,186,530,2502.975,0
5,2030,187,530,2409.2625,0
5,2030,188,530,2634.9625,0
5,2030,189,530,2648.80625,0
5,2030,190,530,2569.93125,0
5,2030,191,530,2228.725,0
5,2030,192,530,2088.51875,0
5,2030,193,530,2594.5375,0
5,2030,194,530,2036.0625,0
5,2030,195,530,2189.95,0
5,2030,196,530,2652.81875,0
5,2030,197,530,2245.23125,0
5,2030,198,530,2529.7625,0
5,2030,199,530,2925.6375,0
5,2030,200,530,2650.35,0
5,2030,201,530,2620.56875,0
5,2030,202,530,2485.99375,0
5,2030,203,530,2821.75625,0
5,2030,204,530,2649.15625,0
6,2031,1,8344,17768.6,7700
6,2031,2,6493,15172.125,5700
6,2031,3,4262,12692.23125,3400
6,2031,4,856,11360.65,0
6,2031,5,600,9444.04375,0
6,2031,6,600,8433.9375,0
6,2031,7,600,8637.70625,0
6,2031,8,600,7280.25625,0
6,2031,9,600,6933.8125,0
6,2031,10,600,6315.69375,0
6,2031,11,600,5988.2875,0
6,2031,12,600,5468.6,0
6,2031,13,568,4951.59375,0
6,2031,14,568,4151.76875,0
6,2031,15,530,3522.40625,0
6,2031,16,530,3062.40625,0
6,2031,17,530,2837.79375,0
6,2031,18,530,3155.625,0
6,2031,19,530,2988.9375,0
6,2031,20,530,2708.33125,0
6,2031,21,530,2606.39375,0
6,2031,22,530,2093.975,0
6,2031,23,530,1883.38125,0
6,2031,24,530,2213.74375,0
6,2031,25,530,2224.40625,0
6,2031,26,530,1810.4375,0
6,2031,27,530,1895.39375,0
6,2031,28,530,2116.6625,0
6,2031,29,530,1866.78125,0
6,2031,30,530,2101.93125,0
6,2031,31,530,2081.825,0
6,2031,32,530,1783.15625,0
6,2031,33,530,1829.20625,0
6,2031,34,530,1541.325,0
6,2031,35,530,1956.85,0
6,2031,36,530,1740.04375,0
6,2031,37,530,1798.43125,0
6,2031,38,530,1917.2375,0
6,2031,39,530,2009.30625,0
6,2031,40,530,2159.79375,0
6,2031,41,530,1623.61875,0
6,2031,42,530,2360.7375,0
6,2031,43,530,2159.65625,0
6,2031,44,530,1749.45625,0
6,2031,45,530,2167.8,0
6,2031,46,530,2418.7625,0
6,2031,47,530,1810.13125,0
6,2031,48,530,2032.6,0
6,2031,49,530,1738.56875,0
6,2031,50,530,2050.15625,0
6,2031,51,530,1770.46875,0
6,2031,52,530,2247.575,0
6,2031,53,530,1749.8375,0
6,2031,54,530,2112.41875,0
6,2031,55,530,1842.21875,0
6,2031,56,530,2205.46875,0
6,2031,57,530,1763.24375,0
6,2031,58,530,1952.825,0
6,2031,59,530,2144.39375,0
6,2031,60,530,1995.75,0
6,2031,61,530,2149.4125,0
6,2031,62,530,1942.5375,0
6,2031,63,530,2011.26875,0
6,2031,64,530,1530.4625,0
6,2031,65,530,2073.7375,0
6,2031,66,530,1983.775,0
6,2031,67,530,1927.4875,0
6,2031,68,530,2112.3375,0
6,2031,69,530,2081.75625,0
6,2031,70,530,1943.325,0
6,2031,71,530,2483.45625,0
6,2031,72,530,2638.325,0
6,2031,73,530,2060.5375,0
6,2031,74,530,1995.2375,0
6,2031,75,530,1838.1875,0
6,2031,76,530,2032.2,0
6,2031,77,530,2114.775,0
6,2031,78,530,1952.99375,0
6,2031,79,530,2276.2125,0
6,2031,80,530,2008.5125,0
6,2031,81,530,1815.75625,0
6,2031,82,530,1826.2875,0
6,2031,83,530,1817.8375,0
6,2031,84,530,1807.6875,0
6,2031,85,530,2115.35625,0
6,2031,86,530,2349.45,0
6,2031,87,530,2101.175,0
6,2031,88,530,2263.94375,0
6,2031,89,530,2667.6,0
6,2031,90,530,2058.20625,0
6,2031,91,530,2183.88125,0
6,2031,92,530,1842.35,0
6,2031,93,530,2286.55625,0
6,2031,94,530,2122.175,0
6,2031,95,530,2411.91875,0
6,2031,96,530,2246.20625,0
6,2031,97,530,1920.7875,0
6,2031,98,530,1935.625,0
6,2031,99,530,2104.9375,0
6,2031,100,530,2047.225,0
6,2031,101,530,2297.5,0
6,2031,102,530,1872.83125,0
6,2031,103,530,2154.29375,0
6,2031,104,530,1864.05,0
6,2031,105,530,2032.54375,0
6,2031,106,530,1926.3625,0
6,2031,107,530,2397.05,0
6,2031,108,530,1955.4625,0
6,2031,109,530,2004.325,0
6,2031,110,530,2475.7125,0
6,2031,111,530,2262.425,0
6,2031,112,530,2180.89375,0
6,2031,113,530,2026.8,0
6,2031,114,530,1570.4875,0
6,2031,115,530,1873.175,0
6,2031,116,530,2046.5,0
6,2031,117,530,1909.725,0
6,2031,118,530,1788.825,0
6,2031,119,530,2152.64375,0
6,2031,120,530,2506.73125,0
6,2031,121,530,2438.49375,0
6,2031,122,530,2229.53125,0
6,2031,123,530,2100.1875,0
6,2031,124,530,1814.86875,0
6,2031,125,530,1390.55,0
6,2031,126,530,2009.29375,0
6,2031,127,530,2207.88125,0
6,2031,128,530,2089.65,0
6,2031,129,530,2108.54375,0
6,2031,130,530,2058.78125,0
6,2031,131,530,2181.28125,0
6,2031,132,530,2016.0375,0
6,2031,133,530,1882.3,0
6,2031,134,530,1484.49375,0
6,2031,135,530,1842.3875,0
6,2031,136,530,1880.16875,0
6,2031,137,530,2409.34375,0
6,2031,138,530,2040.4375,0
6,2031,139,530,2126.25625,0
6,2031,140,530,2080.95,0
6,2031,141,530,1926.7375,0
6,2031,142,530,1952.90625,0
6,2031,143,530,1836.125,0
6,2031,144,530,1923.875,0
6,2031,145,530,2580.69375,0
6,2031,146,530,1886.91875,0
6,2031,147,530,2143.05,0
6,2031,148,530,1836.71875,0
6,2031,149,530,2420.45,0
6,2031,150,530,1448.74375,0
6,2031,151,530,2114.825,0
6,2031,152,530,1944.33125,0
6,2031,153,530,2056.38125,0
6,2031,154,530,2271.58125,0
6,2031,155,530,2012.25625,0
6,2031,156,530,1749.025,0
6,2031,157,530,2346.8125,0
6,2031,158,530,2116.43125,0
6,2031,159,530,1510.8625,0
6,2031,160,530,2006.325,0
6,2031,161,530,1777.54375,0
6,2031,162,530,1887,0
6,2031,163,530,2136.99375,0
6,2031,164,530,2327.225,0
6,2031,165,530,2095.375,0
7,2032,1,8772,18343.425,8200
7,2032,2,3364,15234.50625,2300
7,2032,3,3364,13347.6125,2300
7,2032,4,892,11124.96875,0
7,2032,5,892,9503.41875,0
7,2032,6,768,8971.24375,0
7,2032,7,768,8304.05,0
7,2032,8,768,7121.51875,0
7,2032,9,768,6457.9875,0
7,2032,10,768,6128.61875,0
7,2032,11,768,6805.00625,0
7,2032,12,768,6306.875,0
7,2032,13,768,6183.2625,0
7,2032,14,768,5687.55,0
7,2032,15,452,5837.11875,0
7,2032,16,452,5292.16875,0
7,2032,17,452,4390.7375,0
7,2032,18,452,2919.06875,0
7,2032,19,452,3132.34375,0
7,2032,20,452,2680.3625,0
7,2032,21,452,2491.98125,0
7,2032,22,452,2493.9125,0
7,2032,23,452,2584.60625,0
7,2032,24,452,2354.3375,0
7,2032,25,452,2458.7375,0
7,2032,26,452,2314.78125,0
7,2032,27,452,2329.8875,0
7,2032,28,452,1922.9,0
7,2032,29,452,2081.31875,0
7,2032,30,452,2065.49375,0
7,2032,31,452,2256.1875,0
7,2032,32,452,2229.19375,0
7,2032,33,452,2419.34375,0
7,2032,34,452,2273.46875,0
7,2032,35,452,2206.5125,0
7,2032,36,452,2584.43125,0
7,2032,37,452,2109.91875,0
7,2032,38,452,1612.13125,0
7,2032,39,452,2561.88125,0
7,2032,40,452,2197.95625,0
7,2032,41,452,2430.45625,0
7,2032,42,452,1839.53125,0
7,2032,43,452,2160.28125,0
7,2032,44,452,2078.19375,0
7,2032,45,452,2453.26875,0
7,2032,46,452,2490.05625,0
7,2032,47,452,2156.79375,0
7,2032,48,452,1931.525,0
7,2032,49,452,2293.6,0
7,2032,50,452,2541.55625,0
7,2032,51,452,2132.275,0
7,2032,52,452,2745.25,0
7,2032,53,452,2465.11875,0
7,2032,54,452,2100.39375,0
7,2032,55,452,2274.93125,0
7,2032,56,452,1905.25625,0
7,2032,57,452,2102.19375,0
7,2032,58,452,2214.125,0
7,2032,59,452,2217.19375,0
7,2032,60,452,2553.1125,0
7,2032,61,452,2293.425,0
7,2032,62,452,2343.35625,0
7,2032,63,452,2123.6375,0
7,2032,64,452,2158.725,0
7,2032,65,452,2219.64375,0
7,2032,66,452,2531.2,0
7,2032,67,452,2172.7875,0
7,2032,68,452,1921.10625,0
7,2032,69,452,2300.55625,0
7,2032,70,452,2442.24375,0
7,2032,71,452,2453.5875,0
7,2032,72,452,2240.38125,0
7,2032,73,452,2121.19375,0
7,2032,74,452,2585.59375,0
7,2032,75,452,2744.08125,0
7,2032,76,452,2705.31875,0
7,2032,77,452,2479.16875,0
7,2032,78,452,2053.7875,0
7,2032,79,452,2378.225,0
7,2032,80,452,2707.31875,0
7,2032,81,452,2947.08125,0
7,2032,82,452,1990.26875,0
7,2032,83,452,2054.43125,0
7,2032,84,452,1913.3875,0
7,2032,85,452,2244.5125,0
7,2032,86,452,1946.3375,0
7,2032,87,452,2089.45,0
7,2032,88,452,2276.10625,0
7,2032,89,452,2150.85625,0
7,2032,90,452,2394.90625,0
7,2032,91,452,2279.1375,0
7,2032,92,452,2171.8625,0
7,2032,93,452,2041.45,0
7,2032,94,452,2587.725,0
7,2032,95,452,2406.04375,0
7,2032,96,452,2204.5875,0
7,2032,97,452,1990.45625,0
7,2032,98,452,1829.79375,0
7,2032,99,452,2518.8125,0
7,2032,100,452,2153.91875,0
7,2032,101,452,2413.33125,0
7,2032,102,452,1949.08125,0
7,2032,103,452,1781.13125,0
7,2032,104,452,2191.55,0
7,2032,105,452,2222.94375,0
7,2032,106,452,1626.925,0
7,2032,107,452,2210.9375,0
7,2032,108,452,1963.6625,0
7,2032,109,452,2059.1,0
7,2032,110,452,2479.99375,0
7,2032,111,452,2121.15,0
7,2032,112,452,2296.35625,0
7,2032,113,452,1976.08125,0
7,2032,114,452,2218.725,0
7,2032,115,452,2098.275,0
7,2032,116,452,1817.09375,0
7,2032,117,452,2311.15625,0
7,2032,118,452,1968.06875,0
7,2032,119,452,2120.53125,0
7,2032,120,452,2043.75625,0
7,2032,121,452,1796.9125,0
7,2032,122,452,1924.55,0
7,2032,123,452,2111.64375,0
7,2032,124,452,2422.4875,0
7,2032,125,452,1601.9125,0
7,2032,126,452,2139.575,0
7,2032,127,452,2448.0375,0
7,2032,128,452,2045.45,0
7,2032,129,452,2393.84375,0
7,2032,130,452,2104.73125,0
7,2032,131,452,1892.4625,0
7,2032,132,452,2011.44375,0
7,2032,133,452,2055.45,0
7,2032,134,452,2106.68125,0
7,2032,135,452,2369.2625,0
7,2032,136,452,2278.0375,0
7,2032,137,452,2068.0875,0
7,2032,138,452,1905.55,0
7,2032,139,452,2193.575,0
7,2032,140,452,1868.53125,0
7,2032,141,452,2347.16875,0
7,2032,142,452,2136.50625,0
7,2032,143,452,1938.525,0
7,2032,144,452,2030.78125,0
7,2032,145,452,1898.49375,0
7,2032,146,452,2010.8125,0
7,2032,147,452,2002.43125,0
7,2032,148,452,2649.0375,0
7,2032,149,452,2063.275,0
7,2032,150,452,1994.95625,0
7,2032,151,452,1778.0375,0
7,2032,152,452,2180.1875,0
7,2032,153,452,2963.85625,0
7,2032,154,452,2442.49375,0
7,2032,155,452,2127.71875,0
7,2032,156,452,2406.01875,0
7,2032,157,452,2024.18125,0
7,2032,158,452,2107.6375,0
7,2032,159,452,2542.61875,0
7,2032,160,452,2703.70625,0
7,2032,161,452,2235.4,0
7,2032,162,452,1845.625,0
7,2032,163,452,1951.38125,0
7,2032,164,452,1947.24375,0
7,2032,165,452,2041.09375,0
8,2033,1,6558,17949.66875,5700
8,2033,2,5784,15187.275,4800
8,2033,3,3504,12649.425,2400
8,2033,4,3504,11216.0375,2400
8,2033,5,3302,10266.7875,2400
8,2033,6,1144,9214.13125,0
8,2033,7,1006,8098.68125,0
8,2033,8,1006,8379.91875,0
8,2033,9,984,8117.21875,0
8,2033,10,736,6881.9125,0
8,2033,11,736,6540.3375,0
8,2033,12,736,5621.43125,0
8,2033,13,736,6084.4125,0
8,2033,14,736,5516.2875,0
8,2033,15,652,5261.00625,0
8,2033,16,652,4827.78125,0
8,2033,17,652,4824.6875,0
8,2033,18,652,4656.48125,0
8,2033,19,652,4391.0875,0
8,2033,20,652,3266.16875,0
8,2033,21,652,2812.53125,0
8,2033,22,652,2650.19375,0
8,2033,23,652,2616.30625,0
8,2033,24,652,2149.33125,0
8,2033,25,652,2051.5875,0
8,2033,26,652,1879.75,0
8,2033,27,652,1842.475,0
8,2033,28,652,2429.7875,0
8,2033,29,652,2479.475,0
8,2033,30,652,2536.61875,0
8,2033,31,652,2767.36875,0
8,2033,32,652,2159.55625,0
8,2033,33,652,2176.90625,0
8,2033,34,652,2375.825,0
8,2033,35,652,1937.18125,0
8,2033,36,572,1990.9125,0
8,2033,37,572,2349.6625,0
8,2033,38,572,2104.09375,0
8,2033,39,572,2153.76875,0
8,2033,40,572,2070.325,0
8,2033,41,572,2115.14375,0
8,2033,42,572,1906.26875,0
8,2033,43,572,1677.1875,0
8,2033,44,572,2067.1625,0
8,2033,45,572,1979.55,0
8,2033,46,572,1961.725,0
8,2033,47,572,1871.89375,0
8,2033,48,572,1830.48125,0
8,2033,49,572,1608.3625,0
8,2033,50,572,1978.43125,0
8,2033,51,572,2356.975,0
8,2033,52,572,1701.6625,0
8,2033,53,572,2143.03125,0
8,2033,54,572,2094.86875,0
8,2033,55,572,1983.40625,0
8,2033,56,572,2576.86875,0
8,2033,57,572,2075.96875,0
8,2033,58,572,2047.45625,0
8,2033,59,572,2303.2,0
8,2033,60,572,1774.85,0
8,2033,61,572,2040.6,0
8,2033,62,572,1971.78125,0
8,2033,63,572,1743.68125,0
8,2033,64,572,1888.46875,0
8,2033,65,572,2342.5125,0
8,2033,66,572,2137.73125,0
8,2033,67,572,1994.30625,0
8,2033,68,572,1921.69375,0
8,2033,69,484,2319.025,0
8,2033,70,484,2212.50625,0
8,2033,71,484,2041.9375,0
8,2033,72,484,2351.11875,0
8,2033,73,484,2638.6875,0
8,2033,74,484,2695.1625,0
8,2033,75,484,3066.9,0
8,2033,76,484,3200.39375,0
8,2033,77,484,2757.6375,0
8,2033,78,484,2269.675,0
8,2033,79,484,2248.4625,0
8,2033,80,484,2076.5,0
8,2033,81,484,2188.00625,0
8,2033,82,484,2281.24375,0
8,2033,83,484,1923.09375,0
8,2033,84,484,2323.1,0
8,2033,85,484,2173.89375,0
8,2033,86,484,2005.725,0
8,2033,87,484,1972.05,0
8,2033,88,484,1764.7,0
8,2033,89,484,1692.11875,0
8,2033,90,484,1874.85625,0
8,2033,91,404,2171.01875,0
8,2033,92,404,1968.50625,0
8,2033,93,404,2065.28125,0
8,2033,94,404,1937.125,0
8,2033,95,404,2237.6625,0
8,2033,96,404,2115.24375,0
8,2033,97,404,2087.54375,0
8,2033,98,404,1930.51875,0
8,2033,99,404,2286.925,0
8,2033,100,404,2032.825,0
8,2033,101,404,2030.33125,0
8,2033,102,404,2232.38125,0
8,2033,103,404,2517.73125,0
8,2033,104,404,1981.61875,0
8,2033,105,404,2116.725,0
8,2033,106,404,1945.35,0
8,2033,107,404,2019.2875,0
8,2033,108,404,1761.4625,0
8,2033,109,404,1659.4625,0
8,2033,110,404,1788.04375,0
8,2033,111,404,2392.76875,0
8,2033,112,372,2103.76875,0
8,2033,113,372,1906.575,0
8,2033,114,372,1981.73125,0
8,2033,115,372,2283.40625,0
8,2033,116,372,2217.15625,0
8,2033,117,372,1937.13125,0
8,2033,118,372,2682.24375,0
8,2033,119,372,2386.88125,0
8,2033,120,372,1888.2875,0
8,2033,121,372,1960.14375,0
8,2033,122,372,1990.8875,0
8,2033,123,372,2224.23125,0
8,2033,124,372,2122.50625,0
8,2033,125,372,2326.9625,0
8,2033,126,372,2426.1375,0
8,2033,127,372,1977.275,0
8,2033,128,372,2426.0875,0
8,2033,129,372,1957.2375,0
8,2033,130,372,1779.7875,0
8,2033,131,372,1774.03125,0
8,2033,132,372,2283.11875,0
8,2033,133,372,1775.075,0
8,2033,134,372,2117.89375,0
8,2033,135,372,1795.4625,0
8,2033,136,372,1987.88125,0
8,2033,137,372,2169.4125,0
8,2033,138,372,2465.08125,0
8,2033,139,372,1969.34375,0
8,2033,140,372,1985.50625,0
8,2033,141,372,1878.525,0
8,2033,142,372,2036.75625,0
8,2033,143,372,2510.86875,0
8,2033,144,372,2119.00625,0
8,2033,145,372,1596.19375,0
8,2033,146,372,2011.825,0
8,2033,147,372,1897.3,0
8,2033,148,372,1561.9375,0
8,2033,149,372,1902.41875,0
8,2033,150,372,2026.575,0
8,2033,151,372,1898.575,0
8,2033,152,372,1904.1,0
8,2033,153,372,2012.8125,0
8,2033,154,372,2001.2125,0
8,2033,155,372,2096.275,0
8,2033,156,372,2339.8375,0
8,2033,157,372,2011.20625,0
8,2033,158,372,1779.90625,0
8,2033,159,372,2140.45625,0
8,2033,160,372,1615.31875,0
8,2033,161,372,1757.2125,0
8,2033,162,372,2230.575,0
8,2033,163,372,1931.24375,0
8,2033,164,372,2394.8875,0
8,2033,165,372,2084.41875,0
8,2033,166,372,2094.625,0
8,2033,167,372,2119.55625,0
8,2033,168,372,2105.51875,0
8,2033,169,372,2009.2375,0
8,2033,170,372,2400.70625,0
8,2033,171,372,1813.14375,0
8,2033,172,372,1895.3625,0
8,2033,173,372,1857.85625,0
8,2033,174,372,2120.3,0
8,2033,175,372,2217.85,0
8,2033,176,372,2139.29375,0
8,2033,177,372,2014.8875,0
8,2033,178,372,1694.49375,0
8,2033,179,372,2422.29375,0
8,2033,180,372,2237.925,0
8,2033,181,372,2060.80625,0
8,2033,182,372,2314.35,0
8,2033,183,372,2530.6875,0
8,2033,184,372,2314.78125,0
8,2033,185,372,2152.8875,0
8,2033,186,372,2059.4875,0
8,2033,187,372,2242.4875,0
8,2033,188,372,2445.18125,0
8,2033,189,372,2082.675,0
8,2033,190,372,2006.68125,0
8,2033,191,372,2060.69375,0
8,2033,192,372,1898.2125,0
8,2033,193,372,2247.225,0
8,2033,194,372,2037.3125,0
8,2033,195,372,2061.63125,0
8,2033,196,372,2171.01875,0
8,2033,197,372,1559.79375,0
8,2033,198,372,1634.00625,0
8,2033,199,372,2047.025,0
8,2033,200,372,2236.5125,0
8,2033,201,372,2279.3625,0
8,2033,202,372,1914.90625,0
8,2033,203,372,2024.1125,0
8,2033,204,372,1866.2875,0
8,2033,205,372,2209.64375,0
8,2033,206,372,2297.1,0
8,2033,207,372,2019.275,0
8,2033,208,372,1887.1375,0
8,2033,209,372,2526.975,0
8,2033,210,372,2736.275,0
8,2033,211,372,2017.7,0
8,2033,212,372,2004.09375,0
8,2033,213,372,2222.51875,0
8,2033,214,372,1916.3,0
8,2033,215,372,2547.3375,0
8,2033,216,372,2429.225,0
8,2033,217,372,2035.5875,0
8,2033,218,372,2269.975,0
8,2033,219,372,2189.21875,0
8,2033,220,372,1900.725,0
8,2033,221,372,2435.71875,0
8,2033,222,372,2012.91875,0
8,2033,223,372,1839.91875,0
8,2033,224,372,2047.5875,0
8,2033,225,372,1772.85,0
8,2033,226,372,2488.43125,0
8,2033,227,372,1910.85,0
8,2033,228,372,2076.44375,0
8,2033,229,372,1756.06875,0
8,2033,230,372,1629.95625,0
8,2033,231,372,2012.13125,0
8,2033,232,372,2552.2,0
8,2033,233,372,2299.64375,0
8,2033,234,372,1808.5625,0
8,2033,235,372,2254.25625,0
8,2033,236,372,1883.19375,0
8,2033,237,372,2072.4,0
8,2033,238,372,2321.8125,0
8,2033,239,372,2045.6625,0
8,2033,240,372,2218.4125,0
8,2033,241,372,1964.175,0
8,2033,242,372,2122.3625,0
8,2033,243,372,1868.41875,0
8,2033,244,372,2348.2,0
8,2033,245,372,2093.15625,0
8,2033,246,372,2206.88125,0
8,2033,247,372,2242.225,0
8,2033,248,372,1948.1375,0
8,2033,249,372,2133.46875,0
8,2033,250,372,2099.65625,0
8,2033,251,372,1725.53125,0
8,2033,252,372,2073.9125,0
8,2033,253,372,1962.5,0
8,2033,254,372,1945.11875,0
8,2033,255,372,2284.05625,0
8,2033,256,372,1882.625,0
8,2033,257,372,1674.93125,0
8,2033,258,372,2034.725,0
8,2033,259,372,2303.91875,0
8,2033,260,372,2323.5625,0
8,2033,261,372,2152.18125,0
8,2033,262,372,2453.16875,0
9,2034,1,6801,17564.0625,5800
9,2034,2,6650,15214.78125,5800
9,2034,3,5816,13482.55625,4800
9,2034,4,3353,12496.43125,2400
9,2034,5,452,10570.0875,0
9,2034,6,452,9343.04375,0
9,2034,7,452,8653.59375,0
9,2034,8,452,7521.18125,0
9,2034,9,452,7361.1875,0
9,2034,10,452,6694.01875,0
9,2034,11,452,6314.28125,0
9,2034,12,452,5458.375,0
9,2034,13,452,4590.73125,0
9,2034,14,452,3354.575,0
9,2034,15,452,2716.00625,0
9,2034,16,452,2276.175,0
9,2034,17,452,2772.375,0
9,2034,18,452,2363.9,0
9,2034,19,452,2371.4,0
9,2034,20,452,2363.04375,0
9,2034,21,452,2769.98125,0
9,2034,22,452,2250.15,0
9,2034,23,452,2404.8625,0
9,2034,24,452,2300.29375,0
9,2034,25,452,2699.31875,0
9,2034,26,452,2687.7125,0
9,2034,27,452,2015.85625,0
9,2034,28,452,2534.33125,0
9,2034,29,452,2611.325,0
9,2034,30,452,2696.39375,0
9,2034,31,452,2440.375,0
9,2034,32,452,2399.7125,0
9,2034,33,452,2193.775,0
9,2034,34,452,2265.14375,0
9,2034,35,452,2259.15,0
9,2034,36,452,2428.85,0
9,2034,37,452,2069.84375,0
9,2034,38,452,1890.075,0
9,2034,39,452,1791.8375,0
9,2034,40,452,2148.1625,0
9,2034,41,452,2207.18125,0
9,2034,42,452,2327.76875,0
9,2034,43,452,1803.475,0
9,2034,44,452,2286.625,0
9,2034,45,452,2583.875,0
9,2034,46,452,2313.65,0
9,2034,47,452,2277.01875,0
9,2034,48,452,2069.475,0
9,2034,49,452,2800.2875,0
9,2034,50,452,2060.45625,0
9,2034,51,452,2570.175,0
9,2034,52,452,2110.09375,0
9,2034,53,452,2539.68125,0
9,2034,54,452,2197.01875,0
9,2034,55,452,2258.375,0
9,2034,56,452,2179.175,0
9,2034,57,452,2567.78125,0
9,2034,58,452,2626.1875,0
9,2034,59,452,2481.975,0
9,2034,60,452,2135.5625,0
9,2034,61,452,2417.4125,0
9,2034,62,452,2544.3125,0
9,2034,63,452,2028.1625,0
9,2034,64,452,2151.7375,0
9,2034,65,452,2262.2125,0
9,2034,66,452,1994.86875,0
9,2034,67,452,2561.13125,0
9,2034,68,452,2153.4375,0
9,2034,69,452,2200.49375,0
9,2034,70,452,2315.53125,0
9,2034,71,452,2428.46875,0
9,2034,72,452,2317.125,0
9,2034,73,452,2252.4625,0
9,2034,74,452,1915.41875,0
9,2034,75,452,2008.40625,0
9,2034,76,452,2538.66875,0
9,2034,77,452,2139.79375,0
9,2034,78,452,2388.4125,0
9,2034,79,452,2561.60625,0
9,2034,80,452,2140.36875,0
9,2034,81,452,2603.2625,0
9,2034,82,452,2236.94375,0
9,2034,83,452,1961.3,0
9,2034,84,452,2472.7125,0
9,2034,85,452,2340.96875,0
9,2034,86,452,2028.1375,0
9,2034,87,452,2317.38125,0
9,2034,88,452,2406.79375,0
9,2034,89,452,1789.09375,0
9,2034,90,452,2077.7625,0
9,2034,91,452,1935.0125,0
9,2034,92,452,2482.20625,0
9,2034,93,452,2537.39375,0
9,2034,94,452,2460.575,0
9,2034,95,452,2534.7375,0
9,2034,96,452,2207.7625,0
9,2034,97,452,2293.45625,0
9,2034,98,452,2361.2625,0
9,2034,99,452,2238.43125,0
9,2034,100,452,1949.1125,0
9,2034,101,452,1867.63125,0
9,2034,102,452,2577.14375,0
9,2034,103,452,1988.4875,0
9,2034,104,452,2387.86875,0
9,2034,105,452,2002.9875,0
9,2034,106,452,2036.2875,0
9,2034,107,452,2414.2875,0
9,2034,108,452,2514.20625,0
9,2034,109,452,2156.29375,0
9,2034,110,452,2036.6125,0
9,2034,111,452,2505.76875,0
9,2034,112,452,2520.34375,0
9,2034,113,452,1941.71875,0
9,2034,114,452,2316.91875,0
9,2034,115,452,1885.86875,0
9,2034,116,452,2098.25,0
9,2034,117,452,2223.66875,0
9,2034,118,452,1963.1625,0
9,2034,119,452,2264.63125,0
9,2034,120,452,2376.45,0
9,2034,121,452,2401.94375,0
9,2034,122,452,2287.125,0
9,2034,123,452,1976.44375,0
9,2034,124,452,2220.01875,0
9,2034,125,452,2165.1375,0
9,2034,126,452,2178.00625,0
9,2034,127,452,2301.26875,0
9,2034,128,452,2589.275,0
9,2034,129,452,1653.98125,0
9,2034,130,452,1698.69375,0
9,2034,131,452,2265.75,0
9,2034,132,452,1937.38125,0
9,2034,133,452,2258.74375,0
9,2034,134,452,1683.0375,0
9,2034,135,452,1901.2625,0
9,2034,136,452,2213.175,0
9,2034,137,452,2257.76875,0
9,2034,138,452,2246.89375,0
9,2034,139,452,2259.81875,0
9,2034,140,452,2026.73125,0
9,2034,141,452,1884.6,0
9,2034,142,452,2150.7125,0
9,2034,143,452,2155.575,0
9,2034,144,452,1838.7,0
9,2034,145,452,2630.4375,0
9,2034,146,452,2079.1375,0
9,2034,147,452,2496.5375,0
9,2034,148,452,2275.86875,0
9,2034,149,452,2146.925,0
9,2034,150,452,2126.53125,0
9,2034,151,452,2336.64375,0
9,2034,152,452,2013.78125,0
9,2034,153,452,2584.88125,0
9,2034,154,452,2452.15625,0
9,2034,155,452,2333.70625,0
10,2035,1,6507,18461.85,5800
10,2035,2,3124,15040.45625,2300
10,2035,3,812,12608.36875,0
10,2035,4,484,11027.11875,0
10,2035,5,484,9995.6625,0
10,2035,6,484,9176.49375,0
10,2035,7,484,7908.15,0
10,2035,8,484,7376.10625,0
10,2035,9,484,7226.95,0
10,2035,10,484,6823.29375,0
10,2035,11,484,5361.525,0
10,2035,12,484,4521.6125,0
10,2035,13,484,4807.70625,0
10,2035,14,484,4421.46875,0
10,2035,15,484,4314.21875,0
10,2035,16,484,3546.8,0
10,2035,17,484,2827.21875,0
10,2035,18,484,2479.525,0
10,2035,19,484,2181.55625,0
10,2035,20,484,2486.31875,0
10,2035,21,484,2287.91875,0
10,2035,22,484,1880.4375,0
10,2035,23,484,1966.875,0
10,2035,24,484,2251.65,0
10,2035,25,484,1961.70625,0
10,2035,26,484,2609.4875,0
10,2035,27,484,2401.46875,0
10,2035,28,484,2062.8625,0
10,2035,29,484,2046.0875,0
10,2035,30,484,2372.98125,0
10,2035,31,484,2235.3875,0
10,2035,32,484,2132.96875,0
10,2035,33,484,2216.75625,0
10,2035,34,484,2461.33125,0
10,2035,35,484,2114.8125,0
10,2035,36,484,2080.35625,0
10,2035,37,484,2331.35,0
10,2035,38,484,2431.9,0
10,2035,39,484,2373.04375,0
10,2035,40,484,2498.2,0
10,2035,41,484,1760.85625,0
10,2035,42,484,1836.8625,0
10,2035,43,484,2427.3125,0
10,2035,44,484,2179.1625,0
10,2035,45,484,2556.975,0
10,2035,46,484,2197.175,0
10,2035,47,484,2245.21875,0
10,2035,48,484,2218.30625,0
10,2035,49,484,2471.775,0
10,2035,50,484,2028.86875,0
10,2035,51,484,1923.0125,0
10,2035,52,484,2163.01875,0
10,2035,53,484,2412.11875,0
10,2035,54,484,2291.36875,0
10,2035,55,484,1847.88125,0
10,2035,56,484,2265.23125,0
10,2035,57,484,2027.3375,0
10,2035,58,484,2482.8625,0
10,2035,59,484,2150.98125,0
10,2035,60,484,1910.09375,0
10,2035,61,484,2067.6125,0
10,2035,62,484,2222.53125,0
10,2035,63,484,2303.13125,0
10,2035,64,484,2151.2875,0
10,2035,65,484,2491.36875,0
10,2035,66,484,2687.95625,0
10,2035,67,484,2427.525,0
10,2035,68,484,1950.56875,0
10,2035,69,484,2857.0625,0
10,2035,70,484,2503.91875,0
10,2035,71,484,2069.26875,0
10,2035,72,484,2205.00625,0
10,2035,73,484,2093.43125,0
10,2035,74,484,2370.20625,0
10,2035,75,484,2177.06875,0
10,2035,76,484,2706.8125,0
10,2035,77,484,2391.96875,0
10,2035,78,484,2147.475,0
10,2035,79,484,1964.40625,0
10,2035,80,484,2123.35625,0
10,2035,81,484,2789.775,0
10,2035,82,484,2063.88125,0
10,2035,83,484,2141.9875,0
10,2035,84,484,2146.3375,0
10,2035,85,484,2119.7375,0
10,2035,86,484,2315.1875,0
10,2035,87,484,2133.86875,0
10,2035,88,484,1928.2,0
10,2035,89,484,1677.84375,0
10,2035,90,484,2404.2625,0
10,2035,91,484,2397.175,0
10,2035,92,484,2407.3375,0
10,2035,93,484,2372.84375,0
10,2035,94,484,2550.08125,0
10,2035,95,484,2246.5125,0
10,2035,96,484,2772.7625,0
10,2035,97,484,2603.54375,0
10,2035,98,484,1696.53125,0
10,2035,99,484,2023.175,0
10,2035,100,484,2438.675,0
10,2035,101,484,2259.375,0
10,2035,102,484,2461.6375,0
10,2035,103,484,2382.86875,0
10,2035,104,484,2189.875,0
10,2035,105,484,2076.3375,0
10,2035,106,484,2132.29375,0
10,2035,107,484,2178.3625,0
10,2035,108,484,2018.5375,0
10,2035,109,484,2004.43125,0
10,2035,110,484,1869.71875,0
10,2035,111,484,2033.4875,0
10,2035,112,484,2263.05625,0
10,2035,113,484,2177.64375,0
10,2035,114,484,2046.2625,0
10,2035,115,484,2104.075,0
10,2035,116,484,2669.30625,0
10,2035,117,484,2284.5875,0
10,2035,118,484,2278.6125,0
10,2035,119,484,2059.48125,0
10,2035,120,484,2250,0
10,2035,121,484,2206.60625,0
10,2035,122,484,2578.7,0
10,2035,123,484,2618.86875,0
10,2035,124,484,2137.81875,0
10,2035,125,484,2303.2875,0
10,2035,126,484,2543.85,0
10,2035,127,484,2610.36875,0
10,2035,128,484,1877.8875,0
10,2035,129,484,2022.38125,0
10,2035,130,484,2177.225,0
10,2035,131,484,1984.51875,0
10,2035,132,484,1973.575,0
10,2035,133,484,2230.54375,0
10,2035,134,484,2212.075,0
10,2035,135,484,2053.75625,0
10,2035,136,484,1981.55,0
10,2035,137,484,1945.33125,0
10,2035,138,484,1793.39375,0
10,2035,139,484,1943.96875,0
10,2035,140,484,2146.84375,0
10,2035,141,484,2127.3875,0
10,2035,142,484,2149.94375,0
10,2035,143,484,1938.2375,0
10,2035,144,484,2261.04375,0
10,2035,145,484,2565.89375,0
10,2035,146,484,2093.65625,0
10,2035,147,484,2648.5375,0
10,2035,148,484,2340.6625,0
10,2035,149,484,2089.84375,0
10,2035,150,484,2253.71875,0
10,2035,151,484,2358.2625,0
10,2035,152,484,2309.94375,0
10,2035,153,484,2079.58125,0
10,2035,154,484,2282.725,0
11,2036,1,9827,17979.91875,9200
11,2036,2,5833,15068.89375,4800
11,2036,3,3338,12947.26875,2400
11,2036,4,3338,9875.6125,2400
11,2036,5,570,8811.45,0
11,2036,6,570,7766.775,0
11,2036,7,570,6832.25625,0
11,2036,8,570,6619.80625,0
11,2036,9,570,5882.43125,0
11,2036,10,570,5664.05,0
11,2036,11,570,6182.51875,0
11,2036,12,570,5808.41875,0
11,2036,13,570,4961.8875,0
11,2036,14,570,5174.29375,0
11,2036,15,570,3738.4625,0
11,2036,16,570,2447.83125,0
11,2036,17,570,2062.4375,0
11,2036,18,570,2121.01875,0
11,2036,19,570,2359.6,0
11,2036,20,530,2116.30625,0
11,2036,21,434,1984.6375,0
11,2036,22,434,1836.06875,0
11,2036,23,434,1984.06875,0
11,2036,24,434,2789.96875,0
11,2036,25,434,3079.51875,0
11,2036,26,434,3141.21875,0
11,2036,27,402,3152.6625,0
11,2036,28,402,2432.0875,0
11,2036,29,402,2339.0625,0
11,2036,30,402,2377.925,0
11,2036,31,402,2347.8375,0
11,2036,32,402,2537.80625,0
11,2036,33,394,2526.125,0
11,2036,34,362,2481.1,0
11,2036,35,362,2467.1,0
11,2036,36,362,2150.825,0
11,2036,37,362,1650.81875,0
11,2036,38,362,1671.54375,0
11,2036,39,362,2755.64375,0
11,2036,40,362,2313.93125,0
11,2036,41,362,1936.375,0
11,2036,42,362,2094.55625,0
11,2036,43,362,2043.70625,0
11,2036,44,362,2158.975,0
11,2036,45,362,2243.2,0
11,2036,46,362,2105.83125,0
11,2036,47,362,1976.875,0
11,2036,48,362,1926.2375,0
11,2036,49,362,1876.05625,0
11,2036,50,362,2274.93125,0
11,2036,51,362,2092.6125,0
11,2036,52,362,1938.25,0
11,2036,53,362,1900.90625,0
11,2036,54,362,1764.98125,0
11,2036,55,362,1966.31875,0
11,2036,56,362,2066.075,0
11,2036,57,362,2064.3125,0
11,2036,58,282,2271.36875,0
12,2037,1,6616,17999.2875,5800
12,2037,2,5767,14768.9125,5100
12,2037,3,5698,12163.38125,4800
12,2037,4,3144,11271.55,2200
12,2037,5,3144,9985.84375,2200
12,2037,6,858,8674.39375,0
12,2037,7,858,8389.65,0
12,2037,8,698,7307.93125,0
12,2037,9,698,7511.925,0
12,2037,10,698,7168.35,0
12,2037,11,698,6535.15,0
12,2037,12,698,5950.325,0
12,2037,13,698,5321.01875,0
12,2037,14,698,5807.89375,0
12,2037,15,530,5460.16875,0
12,2037,16,530,5227.4375,0
12,2037,17,530,5431.7625,0
12,2037,18,530,4420.69375,0
12,2037,19,530,4251.44375,0
12,2037,20,530,3977.1,0
12,2037,21,530,3127.46875,0
12,2037,22,530,2671.3,0
12,2037,23,530,1989.93125,0
12,2037,24,530,2234.80625,0
12,2037,25,530,2268.7375,0
12,2037,26,530,2100.525,0
12,2037,27,530,2282.2375,0
12,2037,28,530,2268.03125,0
12,2037,29,530,2020.88125,0
12,2037,30,530,1976.33125,0
12,2037,31,530,2364.6875,0
12,2037,32,530,2051.7375,0
12,2037,33,530,2271.5875,0
12,2037,34,530,2207.8375,0
12,2037,35,530,2158.01875,0
12,2037,36,530,2495.8875,0
12,2037,37,530,1473.76875,0
12,2037,38,530,2380.15,0
12,2037,39,530,2496.54375,0
12,2037,40,530,2456.5,0
12,2037,41,530,2722.09375,0
12,2037,42,530,2565.71875,0
12,2037,43,530,1973.63125,0
12,2037,44,530,2003.69375,0
12,2037,45,530,1988.9,0
12,2037,46,530,2076.2125,0
12,2037,47,530,2285.23125,0
12,2037,48,530,2482.01875,0
12,2037,49,530,2509.225,0
12,2037,50,530,2408.49375,0
12,2037,51,530,2289.8125,0
12,2037,52,530,2662.04375,0
12,2037,53,530,2205.1,0
12,2037,54,530,2433.05,0
12,2037,55,530,2317.19375,0
12,2037,56,530,2471.9875,0
12,2037,57,530,2183.8375,0
12,2037,58,530,2129.80625,0
12,2037,59,530,1896.9375,0
12,2037,60,530,1837.31875,0
12,2037,61,530,2390.4375,0
12,2037,62,530,2336.725,0
12,2037,63,530,2068.2625,0
12,2037,64,530,2157.55625,0
12,2037,65,530,2272.89375,0
12,2037,66,530,2309.91875,0
12,2037,67,530,2335.0375,0
12,2037,68,530,2008.84375,0
12,2037,69,530,2327.425,0
12,2037,70,530,2443.575,0
12,2037,71,530,2334.65625,0
12,2037,72,530,2129.0125,0
12,2037,73,530,2376.6625,0
12,2037,74,530,2178.6875,0
12,2037,75,530,2365.9,0
12,2037,76,530,2359.05,0
12,2037,77,530,1945.8875,0
12,2037,78,530,2252.475,0
12,2037,79,530,2517.63125,0
12,2037,80,530,2411.4625,0
12,2037,81,530,2182.5875,0
12,2037,82,530,2539.1625,0
12,2037,83,530,2065.01875,0
12,2037,84,530,2579.40625,0
12,2037,85,530,2338.8,0
12,2037,86,530,2070.21875,0
12,2037,87,530,2353.34375,0
12,2037,88,530,2814.7375,0
12,2037,89,530,2170.65,0
12,2037,90,530,1927.45,0
12,2037,91,530,2211.28125,0
12,2037,92,530,2205.09375,0
12,2037,93,530,1830.825,0
12,2037,94,530,2378.74375,0
12,2037,95,530,2169.94375,0
12,2037,96,530,2211.98125,0
12,2037,97,530,2272.09375,0
12,2037,98,530,2021.35625,0
12,2037,99,530,2487.69375,0
12,2037,100,530,1910.65,0
12,2037,101,530,2208.36875,0
12,2037,102,530,1874.5375,0
12,2037,103,530,1800.79375,0
12,2037,104,530,2259.4625,0
12,2037,105,530,2195.6625,0
12,2037,106,530,2034.15625,0
12,2037,107,530,1834.35625,0
12,2037,108,530,2968.51875,0
12,2037,109,530,2244.8125,0
12,2037,110,530,2464.125,0
12,2037,111,530,2131.60625,0
12,2037,112,530,2048.4625,0
12,2037,113,530,2143.73125,0
12,2037,114,530,2264.59375,0
12,2037,115,530,2727.125,0
12,2037,116,530,2479.41875,0
12,2037,117,530,1968.85,0
12,2037,118,530,1936.56875,0
12,2037,119,530,1879.85625,0
12,2037,120,530,2268.675,0
12,2037,121,530,2472.81875,0
12,2037,122,530,2158.93125,0
12,2037,123,530,1856.80625,0
12,2037,124,530,2301.05625,0
12,2037,125,530,2034.58125,0
12,2037,126,530,2204.1875,0
12,2037,127,530,2487.69375,0
12,2037,128,530,2469.98125,0
12,2037,129,530,2288.86875,0
12,2037,130,530,2033.15,0
12,2037,131,530,2313.64375,0
12,2037,132,530,2288.35,0
12,2037,133,530,2182.34375,0
12,2037,134,530,2071.9375,0
12,2037,135,530,2166.55625,0
12,2037,136,530,2376.14375,0
12,2037,137,530,2628.26875,0
12,2037,138,530,2407.625,0
12,2037,139,530,2162.80625,0
12,2037,140,530,2115.14375,0
12,2037,141,530,2416.7875,0
12,2037,142,530,2399.21875,0
12,2037,143,530,2027.225,0
12,2037,144,530,2188.01875,0
12,2037,145,530,2150.44375,0
12,2037,146,530,2281.16875,0
12,2037,147,530,2309.75625,0
12,2037,148,530,2804.8625,0
12,2037,149,530,2574.3875,0
12,2037,150,530,2262.0125,0
12,2037,151,530,2278.1625,0
12,2037,152,530,2085.4125,0
12,2037,153,530,2719.85625,0
12,2037,154,530,2305.20625,0
12,2037,155,530,2275.01875,0
12,2037,156,530,2106.39375,0
12,2037,157,530,2144.23125,0
12,2037,158,530,2693.7125,0
12,2037,159,530,2256.50625,0
12,2037,160,530,2345.19375,0
12,2037,161,530,2161.88125,0
12,2037,162,530,2213.48125,0
12,2037,163,530,2336.96875,0
12,2037,164,530,2411.0125,0
12,2037,165,530,2460.425,0
13,2038,1,7490,17953.41875,6800
13,2038,2,7490,15738.93125,6800
13,2038,3,3709,13275.51875,2400
13,2038,4,930,11784.35625,0
13,2038,5,930,10746.1125,0
13,2038,6,930,9314.7375,0
13,2038,7,930,9314.075,0
13,2038,8,930,8174.95,0
13,2038,9,930,6961.9625,0
13,2038,10,930,6214.3375,0
13,2038,11,882,5291.68125,0
13,2038,12,770,3896.80625,0
13,2038,13,770,3497.5875,0
13,2038,14,770,3114.19375,0
13,2038,15,770,2399.6375,0
13,2038,16,770,2375.575,0
13,2038,17,770,2491.39375,0
13,2038,18,770,2131.04375,0
13,2038,19,770,2129.93125,0
13,2038,20,770,2284.34375,0
13,2038,21,770,2082.6375,0
13,2038,22,770,2506.0625,0
13,2038,23,770,2308.53125,0
13,2038,24,770,2379.76875,0
13,2038,25,770,2137.65625,0
13,2038,26,770,1965.8625,0
13,2038,27,770,2016.80625,0
13,2038,28,770,2339.88125,0
13,2038,29,770,2311.5625,0
13,2038,30,484,2183.35,0
13,2038,31,484,2002.375,0
13,2038,32,484,2657.33125,0
13,2038,33,484,2227.71875,0
13,2038,34,484,2200.43125,0
13,2038,35,484,2783.86875,0
13,2038,36,484,2870.40625,0
13,2038,37,484,2679.8375,0
13,2038,38,484,2669.0125,0
13,2038,39,484,2229.7125,0
13,2038,40,484,2525.38125,0
13,2038,41,484,2518.56875,0
13,2038,42,484,2392.6625,0
13,2038,43,484,2027.2875,0
13,2038,44,484,2137.95625,0
13,2038,45,484,2730.125,0
13,2038,46,484,2509.6625,0
13,2038,47,484,1716.41875,0
13,2038,48,484,2522.31875,0
13,2038,49,484,2554.4375,0
13,2038,50,484,2127.59375,0
13,2038,51,484,2376.34375,0
13,2038,52,484,2355.76875,0
13,2038,53,484,2094.10625,0
13,2038,54,484,2551.86875,0
13,2038,55,484,2272.25625,0
13,2038,56,484,2417.75625,0
13,2038,57,484,2004.59375,0
13,2038,58,484,2593.525,0
13,2038,59,484,2550.2125,0
13,2038,60,484,2079.95625,0
13,2038,61,484,2143.4375,0
13,2038,62,484,2177.35625,0
13,2038,63,484,2133.075,0
13,2038,64,484,1894.65,0
13,2038,65,484,2432.6625,0
13,2038,66,484,2112.825,0
13,2038,67,484,1777.93125,0
13,2038,68,484,2019.49375,0
13,2038,69,484,2458.48125,0
13,2038,70,484,2083.5875,0
13,2038,71,484,2503.73125,0
13,2038,72,484,2059.4875,0
13,2038,73,484,2088.65625,0
13,2038,74,484,2010.78125,0
13,2038,75,484,2059.5375,0
13,2038,76,484,2062.3,0
13,2038,77,484,2316.46875,0
13,2038,78,484,2141.21875,0
13,2038,79,484,2001.5125,0
13,2038,80,484,2000.95,0
13,2038,81,484,1646.1625,0
13,2038,82,484,2146.9,0
13,2038,83,484,2146.95625,0
13,2038,84,484,2190.31875,0
13,2038,85,484,2141.48125,0
13,2038,86,484,2373.68125,0
13,2038,87,484,2564.925,0
13,2038,88,484,2165.33125,0
13,2038,89,484,2070.0875,0
13,2038,90,484,2475.0625,0
13,2038,91,484,1927.1125,0
13,2038,92,484,1848.19375,0
13,2038,93,484,2579.35625,0
13,2038,94,484,2355.85,0
13,2038,95,484,2081.35625,0
13,2038,96,484,1774.325,0
13,2038,97,484,2118.1875,0
13,2038,98,484,2055.28125,0
13,2038,99,484,1932.16875,0
13,2038,100,484,2506.3,0
13,2038,101,484,2309.11875,0
13,2038,102,484,2012.275,0
13,2038,103,484,1993.46875,0
13,2038,104,484,2198.64375,0
13,2038,105,484,2396.375,0
13,2038,106,484,2438.28125,0
13,2038,107,484,2297.04375,0
13,2038,108,484,2734.0875,0
13,2038,109,484,2194.65,0
13,2038,110,484,2948.55625,0
13,2038,111,484,2277.3875,0
13,2038,112,484,2543.19375,0
13,2038,113,484,2445.44375,0
13,2038,114,484,2916.81875,0
13,2038,115,484,2158.80625,0
13,2038,116,484,2259.98125,0
13,2038,117,484,2362.625,0
13,2038,118,484,1855.85,0
13,2038,119,452,2382.03125,0
13,2038,120,452,2503.33125,0
13,2038,121,452,2240.7625,0
13,2038,122,452,2319.11875,0
13,2038,123,452,2759.9125,0
13,2038,124,452,2963.8875,0
13,2038,125,452,2569.20625,0
13,2038,126,452,2361.05,0
13,2038,127,452,2219.06875,0
13,2038,128,452,2534.49375,0
13,2038,129,452,1932.05625,0
13,2038,130,452,2146.33125,0
13,2038,131,452,2348.46875,0
13,2038,132,452,2239.60625,0
13,2038,133,452,2534.75,0
13,2038,134,452,2339.8875,0
13,2038,135,452,2288.05625,0
13,2038,136,452,1977.55,0
13,2038,137,452,2169.2625,0
13,2038,138,452,2095.43125,0
13,2038,139,452,2046.225,0
13,2038,140,452,1751.375,0
13,2038,141,452,2480.93125,0
13,2038,142,452,1901.575,0
13,2038,143,452,2206.1375,0
13,2038,144,452,1932.3875,0
13,2038,145,452,2365.84375,0
13,2038,146,452,1931.68125,0
13,2038,147,452,1909.9,0
13,2038,148,452,2259.35,0
13,2038,149,452,2227.36875,0
13,2038,150,452,1745.60625,0
13,2038,151,452,1967.55625,0
13,2038,152,452,2130.925,0
13,2038,153,452,2098.83125,0
13,2038,154,452,2488.2625,0
13,2038,155,452,1864.85625,0
13,2038,156,452,2080.53125,0
13,2038,157,452,2244.68125,0
13,2038,158,452,2306.2375,0
13,2038,159,452,1952.08125,0
13,2038,160,452,2070.00625,0
13,2038,161,452,2320.0875,0
13,2038,162,452,2618.3125,0
13,2038,163,452,1948.0375,0
13,2038,164,452,2378.1625,0
13,2038,165,452,2213.56875,0
13,2038,166,452,2177.325,0
13,2038,167,452,2342.44375,0
13,2038,168,452,1959.93125,0
13,2038,169,452,2102.95,0
13,2038,170,452,2096.3625,0
13,2038,171,452,2550.8,0
13,2038,172,452,2089.4125,0
13,2038,173,452,2067.8375,0
13,2038,174,452,2257.20625,0
13,2038,175,452,2196.6875,0
13,2038,176,452,2261.46875,0
13,2038,177,452,1906.3875,0
13,2038,178,452,2178.7375,0
13,2038,179,452,1979.88125,0
13,2038,180,452,2405.56875,0
13,2038,181,452,2245.95625,0
13,2038,182,452,2304.48125,0
13,2038,183,452,1949.99375,0
13,2038,184,452,1872.13125,0
13,2038,185,452,2503.1875,0
13,2038,186,452,2034.31875,0
13,2038,187,452,1794.1875,0
13,2038,188,452,1945.8375,0
13,2038,189,452,2550.18125,0
13,2038,190,452,2255.83125,0
13,2038,191,452,2099.3625,0
13,2038,192,452,2091.3,0
13,2038,193,452,2261.775,0
13,2038,194,452,2640.61875,0
13,2038,195,452,2133.00625,0
13,2038,196,452,2227.89375,0
13,2038,197,452,2115.1,0
13,2038,198,452,1817.225,0
13,2038,199,452,2306.15,0
13,2038,200,452,2233.50625,0
13,2038,201,452,2269.88125,0
13,2038,202,452,2188.93125,0
13,2038,203,452,2250.80625,0
13,2038,204,452,2337.275,0
13,2038,205,452,2350.11875,0
13,2038,206,452,2274.775,0
13,2038,207,452,2717.5375,0
13,2038,208,452,2225.74375,0
13,2038,209,452,2082.00625,0
13,2038,210,452,1738.4375,0
13,2038,211,452,2054.28125,0
13,2038,212,452,1864.69375,0
13,2038,213,452,2431.24375,0
13,2038,214,452,1924.5125,0
13,2038,215,452,2174.85,0
13,2038,216,452,2854.64375,0
13,2038,217,452,2509.1125,0
13,2038,218,452,2322.98125,0
13,2038,219,452,2156.6,0
13,2038,220,452,1851.3125,0
13,2038,221,452,2088.49375,0
13,2038,222,452,1925.01875,0
13,2038,223,452,1967.96875,0
13,2038,224,452,2252.04375,0
13,2038,225,452,2086.94375,0
13,2038,226,452,2273.23125,0
13,2038,227,452,1849.6375,0
13,2038,228,452,1846.73125,0
13,2038,229,452,2360.60625,0
13,2038,230,452,2092.675,0
13,2038,231,452,1806.24375,0
13,2038,232,452,2012.24375,0
13,2038,233,452,2113.64375,0
13,2038,234,452,2234.325,0
13,2038,235,452,1954.64375,0
13,2038,236,452,2313.33125,0
13,2038,237,452,2342.35625,0
13,2038,238,452,1935.775,0
13,2038,239,452,1885.69375,0
13,2038,240,452,1768.96875,0
13,2038,241,452,2167.3625,0
13,2038,242,452,2188.41875,0
13,2038,243,452,2146.58125,0
13,2038,244,452,2372.05625,0
13,2038,245,452,2196.98125,0
13,2038,246,452,2135.05,0
13,2038,247,452,2229.48125,0
13,2038,248,452,2862.5625,0
13,2038,249,452,2301.025,0
13,2038,250,452,2145.1125,0
13,2038,251,452,1904.41875,0
13,2038,252,452,2239.46875,0
13,2038,253,452,2201.81875,0
13,2038,254,452,2441.93125,0
13,2038,255,452,1776.69375,0
13,2038,256,452,2126.53125,0
13,2038,257,452,2486.5125,0
13,2038,258,452,1779.40625,0
13,2038,259,452,2129.83125,0
13,2038,260,452,2042.2875,0
13,2038,261,452,2224.525,0
13,2038,262,452,1923.3375,0
13,2038,263,452,2107.01875,0
13,2038,264,452,2271.8,0
13,2038,265,452,1976.59375,0
13,2038,266,452,1905.9875,0
13,2038,267,452,1727.7,0
13,2038,268,452,2051.525,0
13,2038,269,452,2340.83125,0
14,2039,1,5730,17910.35625,4700
14,2039,2,5730,15403.625,4700
14,2039,3,5730,14003.58125,4700
14,2039,4,3954,12371.8375,3400
14,2039,5,3442,11412.83125,2300
14,2039,6,1136,10520.15,0
14,2039,7,898,9472.775,0
14,2039,8,800,8218.3625,0
14,2039,9,778,7926.46875,0
14,2039,10,778,7431.575,0
14,2039,11,778,6513.34375,0
14,2039,12,778,6470.00625,0
14,2039,13,778,5722.2875,0
14,2039,14,778,6566.58125,0
14,2039,15,452,5583.75,0
14,2039,16,452,4611.98125,0
14,2039,17,452,4185.50625,0
14,2039,18,452,4308.4625,0
14,2039,19,452,3564.95,0
14,2039,20,452,3973.75,0
14,2039,21,452,4178.0875,0
14,2039,22,452,3569.16875,0
14,2039,23,452,3563.38125,0
14,2039,24,452,3757.43125,0
14,2039,25,452,3338.7125,0
14,2039,26,452,3218.89375,0
14,2039,27,452,2993.075,0
14,2039,28,452,2858.68125,0
14,2039,29,452,3120.33125,0
14,2039,30,372,3051.9625,0
14,2039,31,372,3241.06875,0
14,2039,32,372,3130.125,0
14,2039,33,372,2865.7375,0
14,2039,34,372,2512.65625,0
14,2039,35,372,2302.7125,0
14,2039,36,372,2516.38125,0
14,2039,37,372,2718.375,0
14,2039,38,372,2375.125,0
14,2039,39,372,2455.7375,0
14,2039,40,372,2032.7875,0
14,2039,41,372,2249.125,0
14,2039,42,372,2166.95,0
14,2039,43,372,2189.20625,0
14,2039,44,372,2042.55625,0
14,2039,45,372,2138.3875,0
14,2039,46,372,1899.90625,0
14,2039,47,372,2119.5625,0
14,2039,48,372,2048.425,0
14,2039,49,372,1859.09375,0
14,2039,50,372,2089.3875,0
14,2039,51,372,2155.93125,0
14,2039,52,372,2029.96875,0
14,2039,53,372,2114.6,0
14,2039,54,372,2483.05625,0
14,2039,55,372,2065.03125,0
14,2039,56,372,1946.03125,0
14,2039,57,372,2005.15625,0
14,2039,58,372,1754.825,0
14,2039,59,372,1773.34375,0
14,2039,60,372,2067.90625,0
14,2039,61,372,2625.025,0
14,2039,62,372,2098.34375,0
14,2039,63,372,1969.4875,0
14,2039,64,372,1786.525,0
14,2039,65,372,2293.69375,0
14,2039,66,372,1708.55625,0
14,2039,67,372,1890.4875,0
14,2039,68,372,2026.5375,0
14,2039,69,372,2299.19375,0
14,2039,70,372,1652.5875,0
14,2039,71,372,1816.6,0
14,2039,72,372,2002.25,0
14,2039,73,372,1865.66875,0
14,2039,74,372,2075.93125,0
14,2039,75,372,1880.825,0
14,2039,76,372,1752.00625,0
14,2039,77,372,2358.5375,0
14,2039,78,372,2454.9625,0
14,2039,79,372,2480.2375,0
14,2039,80,372,2358.59375,0
14,2039,81,372,1968.5375,0
14,2039,82,372,1972.2125,0
14,2039,83,372,2218.475,0
14,2039,84,372,2305.525,0
14,2039,85,372,2234.775,0
14,2039,86,372,1770.25,0
14,2039,87,372,1907.70625,0
14,2039,88,372,2217.93125,0
14,2039,89,372,2300.86875,0
14,2039,90,372,2187.96875,0
14,2039,91,372,2206.375,0
14,2039,92,372,2083.39375,0
14,2039,93,372,2320.3375,0
14,2039,94,372,1570.7,0
14,2039,95,372,2537.675,0
14,2039,96,372,1924.2375,0
14,2039,97,372,2324.05625,0
14,2039,98,372,2012.85625,0
14,2039,99,372,1759.25,0
14,2039,100,372,1710.84375,0
14,2039,101,372,2005.8375,0
14,2039,102,372,2395.73125,0
14,2039,103,372,1916.98125,0
14,2039,104,372,2068.5,0
14,2039,105,372,1931.1125,0
14,2039,106,372,2211,0
14,2039,107,372,1879.56875,0
14,2039,108,372,1563.59375,0
14,2039,109,372,1637.06875,0
14,2039,110,372,2362.8125,0
14,2039,111,372,2342.51875,0
14,2039,112,372,2238.15625,0
14,2039,113,372,1784.8,0
14,2039,114,372,1758.7,0
14,2039,115,372,1829.76875,0
14,2039,116,372,1922.68125,0
14,2039,117,372,2064.925,0
14,2039,118,372,2232.675,0
14,2039,119,372,1641.29375,0
14,2039,120,372,1977.06875,0
14,2039,121,372,1798.9375,0
14,2039,122,372,2181.94375,0
14,2039,123,372,1720.90625,0
14,2039,124,372,2133.61875,0
14,2039,125,372,2064.59375,0
14,2039,126,372,1931.33125,0
14,2039,127,372,2406.85625,0
14,2039,128,372,2538.76875,0
14,2039,129,372,2121.25,0
14,2039,130,372,2581.24375,0
14,2039,131,372,1759.65,0
14,2039,132,372,1933.4375,0
14,2039,133,372,1558.89375,0
14,2039,134,372,2158.43125,0
14,2039,135,372,2305.35,0
14,2039,136,372,1971.9375,0
14,2039,137,372,2165.6625,0
14,2039,138,372,1848.70625,0
14,2039,139,372,1900.3625,0
14,2039,140,372,2094.375,0
14,2039,141,372,2334.20625,0
14,2039,142,372,2042.475,0
14,2039,143,372,2155.54375,0
14,2039,144,372,2250.6625,0
14,2039,145,372,1977.04375,0
14,2039,146,372,1930.1125,0
14,2039,147,372,2177.49375,0
14,2039,148,372,2084.75,0
14,2039,149,372,2247.725,0
14,2039,150,372,1620.8875,0
14,2039,151,372,1902.0875,0
14,2039,152,372,1995.025,0
14,2039,153,372,1925.23125,0
14,2039,154,372,2212.19375,0
14,2039,155,372,2369.85,0
14,2039,156,372,2000.05625,0
14,2039,157,372,2528.9375,0
14,2039,158,372,2136.61875,0
14,2039,159,372,1935.06875,0
14,2039,160,372,1989.8125,0
14,2039,161,372,2394.6125,0
14,2039,162,372,2428.84375,0
14,2039,163,372,1677.8375,0
14,2039,164,372,1860.38125,0
14,2039,165,372,1852.55,0
14,2039,166,372,2385.41875,0
14,2039,167,372,1942.50625,0
14,2039,168,372,1680.525,0
14,2039,169,372,2450.2,0
14,2039,170,372,2331.05625,0
14,2039,171,372,2110.68125,0
14,2039,172,372,1969.39375,0
14,2039,173,372,2323.31875,0
14,2039,174,372,2476.76875,0
14,2039,175,372,2076.31875,0
14,2039,176,372,1886.66875,0
14,2039,177,372,2228.63125,0
14,2039,178,372,2288.76875,0
14,2039,179,372,2200.03125,0
14,2039,180,372,2297.4125,0
15,2040,1,8019,17907.8625,7100
15,2040,2,5634,15106.425,4500
15,2040,3,3433,13610.43125,2400
15,2040,4,1096,10993.29375,0
15,2040,5,690,10150.03125,0
15,2040,6,690,8589.50625,0
15,2040,7,690,8333.5125,0
15,2040,8,690,7805.975,0
15,2040,9,690,7150.96875,0
15,2040,10,690,7279.6,0
15,2040,11,690,6598.0375,0
15,2040,12,690,5318.65,0
15,2040,13,690,4186.3125,0
15,2040,14,690,3220.68125,0
15,2040,15,650,2520.30625,0
15,2040,16,650,1983.15625,0
15,2040,17,650,2481.4125,0
15,2040,18,570,2064.18125,0
15,2040,19,570,1959.9125,0
15,2040,20,530,2255.59375,0
15,2040,21,450,2043.1,0
15,2040,22,450,2097.18125,0
15,2040,23,450,2443.71875,0
15,2040,24,450,2592.4875,0
15,2040,25,450,3167.85625,0
15,2040,26,450,3162.0375,0
15,2040,27,450,2831.2,0
15,2040,28,450,2641.09375,0
15,2040,29,450,2885.4125,0
15,2040,30,450,2746.8375,0
15,2040,31,450,2539.1,0
15,2040,32,450,2481.675,0
15,2040,33,450,2048.83125,0
15,2040,34,450,2154.80625,0
15,2040,35,450,2384.125,0
15,2040,36,450,2469.59375,0
15,2040,37,450,2327.0875,0
15,2040,38,450,2028.29375,0
15,2040,39,450,2110.83125,0
15,2040,40,450,2329.11875,0
15,2040,41,450,2646.61875,0
15,2040,42,450,2316.3125,0
15,2040,43,450,2162.35625,0
15,2040,44,450,2286.86875,0
15,2040,45,450,1808.7625,0
15,2040,46,450,2382.35,0
15,2040,47,450,2280.26875,0
15,2040,48,450,2199.9375,0
15,2040,49,450,2599.15625,0
15,2040,50,450,2185.31875,0
15,2040,51,450,2444.93125,0
15,2040,52,450,2389.23125,0
15,2040,53,450,1932.55,0
15,2040,54,450,2031.1875,0
15,2040,55,450,2112.6125,0
15,2040,56,450,2225.84375,0
15,2040,57,450,2310.775,0
15,2040,58,450,2721.88125,0
15,2040,59,450,2309.71875,0
15,2040,60,450,2217.83125,0
15,2040,61,450,2238.825,0
15,2040,62,450,2223.64375,0
15,2040,63,450,2067.60625,0
15,2040,64,450,2630.36875,0
15,2040,65,450,2584.1625,0
15,2040,66,450,2683.05,0
15,2040,67,450,2653.54375,0
15,2040,68,450,2301.60625,0
15,2040,69,450,2702.98125,0
15,2040,70,450,2725.725,0
15,2040,71,450,2035.38125,0
15,2040,72,450,2255.31875,0
15,2040,73,450,2547.125,0
15,2040,74,362,2413.95,0
15,2040,75,282,2273.91875,0
16,2041,1,9162,17250.1625,8200
16,2041,2,6023,15227.21875,4800
16,2041,3,4138,13562.46875,3400
16,2041,4,3353,11685.6375,2400
16,2041,5,730,10122.025,0
16,2041,6,730,8966.98125,0
16,2041,7,730,8360.96875,0
16,2041,8,730,7711.175,0
16,2041,9,730,6678.39375,0
16,2041,10,730,5942.8375,0
16,2041,11,730,6033.975,0
16,2041,12,705,6027.60625,0
16,2041,13,705,4752.11875,0
16,2041,14,650,3919.8,0
16,2041,15,650,3647.64375,0
16,2041,16,650,3170.36875,0
16,2041,17,650,2914.8625,0
16,2041,18,650,2749.78125,0
16,2041,19,650,2895.31875,0
16,2041,20,650,2909.0125,0
16,2041,21,570,2621.04375,0
16,2041,22,570,2832.00625,0
16,2041,23,570,3070.6625,0
16,2041,24,570,2701.825,0
16,2041,25,570,3079.775,0
16,2041,26,570,2974.39375,0
16,2041,27,570,2880.8625,0
16,2041,28,570,2261.10625,0
16,2041,29,570,1846.48125,0
16,2041,30,570,2631.91875,0
16,2041,31,570,2319.825,0
16,2041,32,570,2232.975,0
16,2041,33,570,2717.85625,0
16,2041,34,570,1709.60625,0
16,2041,35,570,2115.4,0
16,2041,36,530,1833.6875,0
16,2041,37,530,1909.425,0
16,2041,38,530,2090.3,0
16,2041,39,530,2243.01875,0
16,2041,40,530,1979.00625,0
16,2041,41,530,2155.36875,0
16,2041,42,530,2223.0625,0
16,2041,43,530,2086.75625,0
16,2041,44,530,2287.6375,0
16,2041,45,530,2222.0625,0
16,2041,46,530,1923.78125,0
16,2041,47,530,1898.63125,0
16,2041,48,530,2025.1125,0
16,2041,49,530,2426.78125,0
16,2041,50,530,2215.6125,0
16,2041,51,530,2412.14375,0
16,2041,52,530,2184.29375,0
16,2041,53,530,2425.59375,0
16,2041,54,530,2063.95,0
16,2041,55,530,2168.24375,0
16,2041,56,530,1895.96875,0
16,2041,57,530,2162.36875,0
16,2041,58,530,2274.2,0
16,2041,59,530,2476.88125,0
16,2041,60,530,2603.13125,0
16,2041,61,530,2017.375,0
16,2041,62,530,2160.65,0
16,2041,63,530,1835.10625,0
16,2041,64,530,2148.5125,0
16,2041,65,530,1828.25,0
16,2041,66,530,2182.8625,0
16,2041,67,530,1855.01875,0
16,2041,68,530,2086.1375,0
16,2041,69,530,2522.625,0
16,2041,70,530,2146.8125,0
16,2041,71,530,2535.6625,0
16,2041,72,530,2315.73125,0
16,2041,73,530,2143.34375,0
16,2041,74,530,2248.9125,0
16,2041,75,530,2556.8625,0
16,2041,76,530,2959.9875,0
16,2041,77,530,2196.26875,0
16,2041,78,530,2155.5875,0
16,2041,79,530,2055.20625,0
16,2041,80,530,2522.15625,0
16,2041,81,530,2259.50625,0
16,2041,82,530,1997.13125,0
16,2041,83,530,1816.00625,0
16,2041,84,530,2017.11875,0
16,2041,85,530,2040.14375,0
16,2041,86,530,1802.51875,0
16,2041,87,530,1952.19375,0
16,2041,88,530,1885.225,0
16,2041,89,530,2355.2,0
16,2041,90,530,1656.75,0
16,2041,91,530,2170.10625,0
16,2041,92,530,2417.625,0
16,2041,93,530,2583.29375,0
16,2041,94,530,2256.5,0
16,2041,95,530,2083.38125,0
16,2041,96,530,2193.5875,0
16,2041,97,530,1981.00625,0
16,2041,98,530,2102.15625,0
16,2041,99,530,1900.6875,0
16,2041,100,530,2275.4875,0
16,2041,101,530,1837.4375,0
16,2041,102,530,2051.04375,0
16,2041,103,530,2145.61875,0
16,2041,104,530,2288.8375,0
16,2041,105,530,2198.58125,0
16,2041,106,530,1951.075,0
16,2041,107,530,1966.725,0
16,2041,108,530,2014.6375,0
16,2041,109,530,1566.575,0
16,2041,110,530,2042.66875,0
16,2041,111,530,2342.21875,0
16,2041,112,530,2277.175,0
16,2041,113,530,2343.59375,0
16,2041,114,530,2389.41875,0
16,2041,115,530,2400.775,0
16,2041,116,530,1830.1625,0
16,2041,117,530,2200.625,0
16,2041,118,530,1610.2,0
16,2041,119,530,2684.44375,0
16,2041,120,530,2425.0125,0
16,2041,121,530,1918.7875,0
16,2041,122,530,1895.3625,0
16,2041,123,530,2090.975,0
16,2041,124,530,2281.90625,0
16,2041,125,530,2052.9875,0
16,2041,126,530,2509.39375,0
16,2041,127,530,2320.19375,0
16,2041,128,530,2339.48125,0
16,2041,129,530,2378.81875,0
16,2041,130,530,2394.0125,0
16,2041,131,530,2291.825,0
16,2041,132,530,2491.0375,0
16,2041,133,530,2116.24375,0
16,2041,134,530,1987.9,0
16,2041,135,530,2208.38125,0
16,2041,136,530,2145.45625,0
16,2041,137,530,2855.075,0
16,2041,138,530,2450.5,0
16,2041,139,530,2471.95625,0
16,2041,140,530,2295.38125,0
16,2041,141,530,2037.08125,0
16,2041,142,530,1938.00625,0
16,2041,143,530,2043.6,0
16,2041,144,530,1842.45625,0
16,2041,145,530,1701.525,0
16,2041,146,530,2070.2,0
16,2041,147,530,1896.94375,0
16,2041,148,530,2147.91875,0
16,2041,149,530,2159.90625,0
16,2041,150,530,1658.45,0
16,2041,151,530,2167.90625,0
16,2041,152,530,2022.16875,0
16,2041,153,530,2437.9125,0
16,2041,154,530,2452.25,0
16,2041,155,530,2038.78125,0
16,2041,156,530,2423.05,0
16,2041,157,530,2179.4,0
16,2041,158,530,2324.825,0
16,2041,159,530,1985.86875,0
16,2041,160,530,1698.625,0
16,2041,161,530,2004.5,0
16,2041,162,530,2230.13125,0
16,2041,163,530,1886.775,0
16,2041,164,530,1942.6125,0
16,2041,165,530,2268.23125,0
16,2041,166,530,2331.56875,0
16,2041,167,530,2209.20625,0
16,2041,168,530,1953.54375,0
16,2041,169,530,2029.975,0
16,2041,170,530,2044.6625,0
16,2041,171,530,2128.3375,0
16,2041,172,530,2269.1125,0
16,2041,173,530,2335.66875,0
16,2041,174,530,2114.45625,0
16,2041,175,530,2054.5875,0
16,2041,176,530,2047.65625,0
16,2041,177,530,2272.9625,0
16,2041,178,530,2268.4125,0
16,2041,179,530,2146.5375,0
16,2041,180,530,1845.36875,0
16,2041,181,530,2308.4125,0
16,2041,182,530,2741.09375,0
16,2041,183,530,2095.3375,0
16,2041,184,530,2244.8375,0
16,2041,185,530,2251.8625,0
16,2041,186,530,2353.125,0
17,2042,1,6085,17518.88125,4800
17,2042,2,5508,15151.325,4700
17,2042,3,5508,12787.81875,4700
17,2042,4,4132,11489.2125,3400
17,2042,5,3433,11149.08125,2400
17,2042,6,3433,9640.86875,2400
17,2042,7,3313,9245.6125,2400
17,2042,8,1088,8754.3625,0
17,2042,9,1088,7710.46875,0
17,2042,10,1073,7194.26875,0
17,2042,11,827,6706.48125,0
17,2042,12,818,5883.50625,0
17,2042,13,818,5831.85625,0
17,2042,14,747,5592.525,0
17,2042,15,532,6054.65,0
17,2042,16,532,5118.96875,0
17,2042,17,532,5587.6875,0
17,2042,18,532,4791.56875,0
17,2042,19,532,4356.0375,0
17,2042,20,532,3999.8,0
17,2042,21,532,3809.44375,0
17,2042,22,532,3713.81875,0
17,2042,23,532,2926.2,0
17,2042,24,532,2505.40625,0
17,2042,25,532,2633.9,0
17,2042,26,532,2002.14375,0
17,2042,27,532,2674.075,0
17,2042,28,532,1937.43125,0
17,2042,29,532,1844.81875,0
17,2042,30,532,2203.21875,0
17,2042,31,532,2005.1375,0
17,2042,32,532,2202.8,0
17,2042,33,532,2072.8,0
17,2042,34,532,2683.53125,0
17,2042,35,532,2349.3375,0
17,2042,36,532,2258.2625,0
17,2042,37,532,1990.30625,0
17,2042,38,532,1760.425,0
17,2042,39,532,2027.74375,0
17,2042,40,532,1465.425,0
17,2042,41,532,2518.85625,0
17,2042,42,532,2068.75625,0
17,2042,43,532,1842.65625,0
17,2042,44,532,1733.36875,0
17,2042,45,532,2349.3125,0
17,2042,46,532,2077.6875,0
17,2042,47,532,2337.48125,0
17,2042,48,532,2076.91875,0
17,2042,49,532,2197.7125,0
17,2042,50,532,1937.29375,0
17,2042,51,532,2481.96875,0
17,2042,52,532,1936.475,0
17,2042,53,532,2091.98125,0
17,2042,54,532,1937.08125,0
17,2042,55,532,2017.31875,0
17,2042,56,532,1845.325,0
17,2042,57,532,1740.8,0
17,2042,58,532,2249.525,0
17,2042,59,532,2152.575,0
17,2042,60,532,2309.025,0
17,2042,61,532,2011.29375,0
17,2042,62,532,1868.54375,0
17,2042,63,532,2181.85,0
17,2042,64,532,2430.45625,0
17,2042,65,532,2302.84375,0
17,2042,66,532,1950.18125,0
17,2042,67,532,2640.9,0
17,2042,68,532,2094.30625,0
17,2042,69,532,2158.03125,0
17,2042,70,532,2236.875,0
17,2042,71,532,2420.825,0
17,2042,72,532,2022.41875,0
17,2042,73,532,2236.4625,0
17,2042,74,532,2546.0875,0
17,2042,75,532,2208.4625,0
17,2042,76,532,2142.4875,0
17,2042,77,532,1929.15,0
17,2042,78,532,2477.7875,0
17,2042,79,532,2007.7375,0
17,2042,80,532,1879.21875,0
17,2042,81,532,2079.95,0
17,2042,82,532,1659.2125,0
17,2042,83,532,1928.1125,0
17,2042,84,532,2114.56875,0
17,2042,85,532,2210.66875,0
17,2042,86,532,1735.46875,0
17,2042,87,532,2474.34375,0
17,2042,88,532,2436.0875,0
17,2042,89,532,1874.6875,0
17,2042,90,532,1926.9,0
17,2042,91,532,2274.39375,0
17,2042,92,532,2335.05,0
17,2042,93,532,2524.4625,0
17,2042,94,532,2609.175,0
17,2042,95,532,1896.36875,0
17,2042,96,532,2200.03125,0
17,2042,97,532,2017.38125,0
17,2042,98,532,2647.05625,0
17,2042,99,532,2525.65625,0
17,2042,100,532,2234.05625,0
17,2042,101,532,1926.56875,0
17,2042,102,532,1786.46875,0
17,2042,103,532,1937.7375,0
17,2042,104,532,2472.05,0
17,2042,105,532,2179.84375,0
17,2042,106,532,2318.01875,0
17,2042,107,532,2437.11875,0
17,2042,108,532,1962.8375,0
17,2042,109,532,2333.4,0
17,2042,110,532,2509.35,0
17,2042,111,532,2140.63125,0
17,2042,112,532,1890.96875,0
17,2042,113,532,2105.35625,0
17,2042,114,532,1744.9375,0
17,2042,115,532,2361.15625,0
17,2042,116,532,2052.19375,0
17,2042,117,532,1994.4875,0
17,2042,118,532,1743.225,0
17,2042,119,532,2213.9625,0
17,2042,120,532,2476.90625,0
17,2042,121,532,2353,0
17,2042,122,532,1929.84375,0
17,2042,123,532,2046.325,0
17,2042,124,532,2165.1375,0
17,2042,125,532,2132.275,0
17,2042,126,532,2172.03125,0
17,2042,127,532,2111.30625,0
17,2042,128,532,1906.1875,0
17,2042,129,532,1843.4375,0
17,2042,130,532,2140.85625,0
17,2042,131,532,1811.51875,0
17,2042,132,532,2398.59375,0
17,2042,133,532,2528.34375,0
17,2042,134,532,1706.9375,0
17,2042,135,532,2273.34375,0
17,2042,136,532,2183.275,0
17,2042,137,532,2311.5875,0
17,2042,138,532,1764.825,0
17,2042,139,532,2263.96875,0
17,2042,140,532,2015.8875,0
17,2042,141,532,1789.4625,0
17,2042,142,532,1748.2,0
17,2042,143,532,2222.6875,0
17,2042,144,532,2419.9625,0
17,2042,145,532,2437.13125,0
17,2042,146,532,2391.48125,0
17,2042,147,532,2196.2625,0
17,2042,148,532,2335.4125,0
17,2042,149,532,1936.65,0
17,2042,150,532,2320.1125,0
17,2042,151,532,2227.4375,0
17,2042,152,532,2335.025,0
17,2042,153,532,2317.00625,0
17,2042,154,532,1925.15,0
17,2042,155,532,2442.26875,0
17,2042,156,532,2211.59375,0
17,2042,157,532,2289.3875,0
17,2042,158,532,2050.4625,0
17,2042,159,532,1716,0
17,2042,160,532,2074.35625,0
17,2042,161,532,2204.475,0
17,2042,162,532,2135.94375,0
17,2042,163,532,2123.88125,0
17,2042,164,532,2195.5,0
17,2042,165,532,2098.75625,0
18,2043,1,6567,17917.23125,5900
18,2043,2,3664,14469.29375,2400
18,2043,3,3306,12468.1375,2300
18,2043,4,3306,10651.0375,2300
18,2043,5,938,9412.5875,0
18,2043,6,938,9221.60625,0
18,2043,7,938,8204.78125,0
18,2043,8,896,7579.9875,0
18,2043,9,896,7258,0
18,2043,10,858,6157.4375,0
18,2043,11,778,5716.05625,0
18,2043,12,778,4949.25625,0
18,2043,13,778,4502.46875,0
18,2043,14,778,4034.5,0
18,2043,15,530,3347.975,0
18,2043,16,530,3885.65,0
18,2043,17,530,2851.46875,0
18,2043,18,530,3014.49375,0
18,2043,19,530,3335.15625,0
18,2043,20,530,3276.39375,0
18,2043,21,530,4114.58125,0
18,2043,22,530,3769.0125,0
18,2043,23,530,4422.6,0
18,2043,24,530,3950.775,0
18,2043,25,530,3273.14375,0
18,2043,26,530,2505.54375,0
18,2043,27,530,2378.0375,0
18,2043,28,530,2591.2375,0
18,2043,29,530,2641.025,0
18,2043,30,530,2011.81875,0
18,2043,31,530,2414.3375,0
18,2043,32,530,2663.73125,0
18,2043,33,530,2705.26875,0
18,2043,34,530,2350.2875,0
18,2043,35,530,2344.15,0
18,2043,36,530,2737.54375,0
18,2043,37,530,2670.53125,0
18,2043,38,530,2539.00625,0
18,2043,39,530,2282.69375,0
18,2043,40,490,2608.825,0
18,2043,41,490,2170.04375,0
18,2043,42,490,2766.125,0
18,2043,43,490,2567.675,0
18,2043,44,490,2704.29375,0
18,2043,45,484,2310.34375,0
18,2043,46,484,2650.45,0
18,2043,47,484,2574.84375,0
18,2043,48,484,2751.59375,0
18,2043,49,484,2608.2,0
18,2043,50,484,2628.4625,0
18,2043,51,484,2207.0125,0
18,2043,52,484,1898.2875,0
18,2043,53,484,2395.0125,0
18,2043,54,484,2365.46875,0
18,2043,55,484,2446.71875,0
18,2043,56,484,2943.5125,0
18,2043,57,484,2602.73125,0
18,2043,58,484,2028.40625,0
18,2043,59,484,1927.05,0
18,2043,60,484,2253.84375,0
18,2043,61,484,2191.575,0
18,2043,62,484,2668.2875,0
18,2043,63,484,2352.8875,0
18,2043,64,484,2344.9875,0
18,2043,65,484,2167.925,0
18,2043,66,484,1716.05,0
18,2043,67,484,2087.375,0
18,2043,68,484,2350.9375,0
18,2043,69,484,1729.53125,0
18,2043,70,484,2225.54375,0
18,2043,71,484,2281.49375,0
18,2043,72,484,2193.1625,0
18,2043,73,484,2275.21875,0
18,2043,74,484,2074.68125,0
18,2043,75,484,2224.88125,0
18,2043,76,484,1977.4,0
18,2043,77,484,2366.33125,0
18,2043,78,484,2039.24375,0
18,2043,79,484,2458.85,0
18,2043,80,484,2279.13125,0
18,2043,81,484,2129.25,0
18,2043,82,484,2702.31875,0
18,2043,83,484,2894.54375,0
18,2043,84,452,2577.7125,0
18,2043,85,452,2425.13125,0
18,2043,86,452,2561.65,0
18,2043,87,452,2658.54375,0
18,2043,88,452,2070.79375,0
18,2043,89,452,3191.175,0
18,2043,90,452,2742.575,0
18,2043,91,452,3283.86875,0
18,2043,92,452,2510.3375,0
18,2043,93,452,2644.93125,0
18,2043,94,452,2436.76875,0
18,2043,95,452,2241.2125,0
18,2043,96,452,2394.3375,0
18,2043,97,452,1909.51875,0
18,2043,98,452,2361.85625,0
18,2043,99,452,2347.94375,0
18,2043,100,452,2468.725,0
18,2043,101,452,2051.15,0
18,2043,102,452,2499.19375,0
18,2043,103,452,1848.38125,0
18,2043,104,452,2252.40625,0
18,2043,105,452,1916.34375,0
18,2043,106,452,2353.13125,0
18,2043,107,452,2123.36875,0
18,2043,108,452,2219.80625,0
18,2043,109,452,1840.61875,0
18,2043,110,452,2036.2125,0
18,2043,111,452,2365.525,0
18,2043,112,452,2360.31875,0
18,2043,113,452,2506.625,0
18,2043,114,452,1689.61875,0
18,2043,115,452,2535.75,0
18,2043,116,452,2196.20625,0
18,2043,117,452,2351.01875,0
18,2043,118,452,2224.9125,0
18,2043,119,452,2570.425,0
18,2043,120,452,2348.95625,0
18,2043,121,452,2951.95625,0
18,2043,122,452,2647.44375,0
18,2043,123,452,2231.53125,0
18,2043,124,452,2370.15,0
18,2043,125,452,2351.55,0
18,2043,126,452,2096.65,0
18,2043,127,452,1961.25625,0
18,2043,128,452,2111.6125,0
18,2043,129,452,2061.14375,0
18,2043,130,452,2581.3875,0
18,2043,131,452,2027.56875,0
18,2043,132,452,2510.76875,0
18,2043,133,452,2362.25625,0
18,2043,134,452,1981.65,0
18,2043,135,452,2719.8375,0
18,2043,136,452,1825.5375,0
18,2043,137,452,2546.2,0
18,2043,138,452,2240.6875,0
18,2043,139,452,2239.68125,0
18,2043,140,452,2183.76875,0
18,2043,141,452,2357.6625,0
18,2043,142,452,2121.58125,0
18,2043,143,452,2528.24375,0
18,2043,144,452,2164.225,0
18,2043,145,452,2245.00625,0
18,2043,146,452,2021.78125,0
18,2043,147,452,1815.5,0
18,2043,148,452,2366.14375,0
18,2043,149,452,2277.875,0
18,2043,150,452,2751.5,0
18,2043,151,452,2582.95,0
18,2043,152,452,2643.25625,0
18,2043,153,452,2424.18125,0
18,2043,154,452,2200.9875,0
18,2043,155,452,1942.975,0
18,2043,156,452,2362.1875,0
18,2043,157,452,2453.04375,0
18,2043,158,452,2521.25625,0
18,2043,159,452,2005.775,0
18,2043,160,452,2373.425,0
18,2043,161,452,2337.36875,0
18,2043,162,452,2090.2875,0
18,2043,163,452,2592.91875,0
18,2043,164,452,3034.26875,0
18,2043,165,452,2201.925,0
18,2043,166,452,2229.44375,0
18,2043,167,452,1889.6625,0
18,2043,168,452,2110.85625,0
18,2043,169,452,2414.83125,0
18,2043,170,452,2151.8375,0
18,2043,171,452,2299.3625,0
18,2043,172,452,2290.13125,0
18,2043,173,452,3080.35625,0
18,2043,174,452,2170.53125,0
18,2043,175,452,2383.7875,0
18,2043,176,452,2261.51875,0
18,2043,177,452,2396.01875,0
18,2043,178,452,1940.96875,0
18,2043,179,452,2216.4,0
18,2043,180,452,2149.41875,0
18,2043,181,452,2536.43125,0
18,2043,182,452,2289.2625,0
18,2043,183,452,2991.74375,0
18,2043,184,452,2588.34375,0
18,2043,185,452,2553.19375,0
18,2043,186,452,1935.99375,0
18,2043,187,452,2152.0625,0
18,2043,188,452,2437.675,0
18,2043,189,452,2279.1875,0
18,2043,190,452,2402.075,0
18,2043,191,452,2372.86875,0
18,2043,192,452,3034.80625,0
18,2043,193,452,2123.95,0
18,2043,194,452,2472.90625,0
18,2043,195,452,2439.08125,0
18,2043,196,452,2264.325,0
18,2043,197,452,2320.1125,0
18,2043,198,452,2074.4,0
18,2043,199,452,2075.1,0
18,2043,200,452,2378.83125,0
18,2043,201,452,2627.9125,0
18,2043,202,452,2064.5625,0
18,2043,203,452,2385.2,0
18,2043,204,452,2350.6375,0
18,2043,205,452,2151.68125,0
18,2043,206,452,2292.1125,0
18,2043,207,452,2312.7125,0
18,2043,208,452,2058.475,0
18,2043,209,452,2331.66875,0
18,2043,210,452,1748.04375,0
18,2043,211,452,2499.99375,0
18,2043,212,452,2340.15625,0
18,2043,213,452,2247.225,0
18,2043,214,452,2428.71875,0
18,2043,215,452,2548.725,0
18,2043,216,452,2367.5,0
18,2043,217,452,2410.09375,0
18,2043,218,452,2440.6625,0
18,2043,219,452,1849.3875,0
18,2043,220,452,2473.99375,0
18,2043,221,452,2082.35,0
18,2043,222,452,2570.51875,0
18,2043,223,452,2407.71875,0
18,2043,224,452,2408.48125,0
18,2043,225,452,2851.55,0
18,2043,226,452,2691.83125,0
18,2043,227,452,1881.8375,0
18,2043,228,452,2159.9625,0
18,2043,229,452,2596.56875,0
18,2043,230,452,2163.4875,0
18,2043,231,452,2421.425,0
18,2043,232,452,2108.3125,0
18,2043,233,452,2124.75625,0
18,2043,234,452,2260.8875,0
19,2044,1,8782,17774.64375,8100
19,2044,2,6238,15423.94375,5100
19,2044,3,2268,13299.98125,1100
19,2044,4,2268,11603.64375,1100
19,2044,5,850,10104.91875,0
19,2044,6,850,9046.7,0
19,2044,7,850,7406.8625,0
19,2044,8,850,6688.6375,0
19,2044,9,850,5692.75,0
19,2044,10,850,5020.16875,0
19,2044,11,730,4402.00625,0
19,2044,12,730,3535.24375,0
19,2044,13,730,4162.725,0
19,2044,14,644,4252.01875,0
19,2044,15,564,3894.2,0
19,2044,16,564,4211.375,0
19,2044,17,564,4216.2875,0
19,2044,18,564,3262.78125,0
19,2044,19,564,3185.63125,0
19,2044,20,564,2534.15,0
19,2044,21,564,2167.73125,0
19,2044,22,564,2262.4875,0
19,2044,23,564,2467.975,0
19,2044,24,564,1852.75625,0
19,2044,25,564,1923.1,0
19,2044,26,564,2255.89375,0
19,2044,27,564,2306.75625,0
19,2044,28,532,2364.6375,0
19,2044,29,532,2683.96875,0
19,2044,30,532,2512.625,0
19,2044,31,532,2382.15,0
19,2044,32,532,2170.35,0
19,2044,33,532,2535.68125,0
19,2044,34,532,2309.7875,0
19,2044,35,532,3151.44375,0
19,2044,36,532,3228.6625,0
19,2044,37,532,2157.85,0
19,2044,38,532,2468.1375,0
19,2044,39,532,2824.3375,0
19,2044,40,532,2693.21875,0
19,2044,41,532,1892.4125,0
19,2044,42,532,1894.40625,0
19,2044,43,532,2244.2625,0
19,2044,44,532,1879.025,0
19,2044,45,532,2498.8125,0
19,2044,46,532,2005.10625,0
19,2044,47,532,2060.8375,0
19,2044,48,532,1921.35,0
19,2044,49,532,2415.30625,0
19,2044,50,532,2141.2625,0
19,2044,51,532,2000.13125,0
19,2044,52,532,1949.4875,0
19,2044,53,532,2171.4375,0
19,2044,54,532,2128.34375,0
19,2044,55,532,2082.84375,0
19,2044,56,532,1821.0625,0
19,2044,57,532,2078.55,0
19,2044,58,532,2411.95,0
19,2044,59,532,2266.375,0
19,2044,60,532,2006.28125,0
19,2044,61,532,2571.60625,0
19,2044,62,532,2844,0
19,2044,63,532,2207.30625,0
19,2044,64,532,2097.675,0
19,2044,65,532,2313.4375,0
19,2044,66,532,2251.7125,0
19,2044,67,532,2126.78125,0
19,2044,68,532,2272.13125,0
19,2044,69,532,2170.48125,0
19,2044,70,532,2295.875,0
19,2044,71,532,2246.76875,0
19,2044,72,532,2143.44375,0
19,2044,73,532,2009.5875,0
19,2044,74,532,2233.36875,0
19,2044,75,532,2389.11875,0
19,2044,76,532,2448.69375,0
19,2044,77,532,2316.08125,0
19,2044,78,532,2213.6625,0
19,2044,79,532,2467.6875,0
19,2044,80,532,2517.9875,0
19,2044,81,532,2671.48125,0
19,2044,82,532,2422.0875,0
19,2044,83,532,2170.475,0
19,2044,84,532,2020.69375,0
19,2044,85,532,2168.33125,0
19,2044,86,532,2012.75625,0
19,2044,87,532,2265.3125,0
19,2044,88,532,2239.19375,0
19,2044,89,532,2028.8875,0
19,2044,90,532,2236.04375,0
19,2044,91,532,2251.775,0
19,2044,92,532,1926.63125,0
19,2044,93,532,2111.3125,0
19,2044,94,532,2310.94375,0
19,2044,95,532,2401.59375,0
19,2044,96,532,2013.04375,0
19,2044,97,532,2738.1625,0
19,2044,98,532,2003.85625,0
19,2044,99,532,1772.125,0
19,2044,100,532,2303.3,0
19,2044,101,532,2082.0125,0
19,2044,102,532,1751.94375,0
19,2044,103,532,2111.975,0
19,2044,104,532,1876.69375,0
19,2044,105,532,2152.9625,0
19,2044,106,532,2264.1625,0
19,2044,107,532,2421.55,0
19,2044,108,532,2177.55,0
19,2044,109,532,1992.94375,0
19,2044,110,532,2035.25,0
19,2044,111,532,2540.025,0
19,2044,112,532,2271.6875,0
19,2044,113,532,2424.61875,0
19,2044,114,532,2036.625,0
19,2044,115,532,2082.2625,0
19,2044,116,532,2192.1,0
19,2044,117,532,2583.4,0
19,2044,118,532,2067.13125,0
19,2044,119,532,2351.64375,0
19,2044,120,532,2436.975,0
19,2044,121,532,2220.575,0
19,2044,122,532,2371.75625,0
19,2044,123,532,2064.025,0
19,2044,124,532,2472.03125,0
19,2044,125,532,2017.24375,0
19,2044,126,532,1936.3625,0
19,2044,127,532,2216.14375,0
19,2044,128,532,1735.45,0
19,2044,129,532,2106.79375,0
19,2044,130,532,2529.13125,0
19,2044,131,532,2206.75625,0
19,2044,132,532,2206.7125,0
19,2044,133,532,2223,0
19,2044,134,532,2385.6,0
19,2044,135,532,2208.4625,0
19,2044,136,532,2356.79375,0
19,2044,137,532,2131.46875,0
19,2044,138,532,2088.71875,0
19,2044,139,532,1646.6,0
19,2044,140,532,2241.91875,0
19,2044,141,532,1987.59375,0
19,2044,142,532,2050.2625,0
19,2044,143,532,2203.2375,0
19,2044,144,532,2604.7125,0
19,2044,145,532,2470.5625,0
19,2044,146,532,2313.65,0
19,2044,147,532,1984.66875,0
19,2044,148,532,2316.7125,0
19,2044,149,532,1977.7625,0
19,2044,150,532,2109.25,0
19,2044,151,532,2072.58125,0
19,2044,152,532,1981.3875,0
19,2044,153,532,2335.81875,0
19,2044,154,532,2125.85,0
19,2044,155,532,2000.6875,0
19,2044,156,532,2100.03125,0
19,2044,157,532,1695.825,0
19,2044,158,532,2637.59375,0
19,2044,159,532,2190.66875,0
19,2044,160,532,2225.6875,0
19,2044,161,532,2025.50625,0
19,2044,162,532,1936.21875,0
19,2044,163,532,2384.94375,0
19,2044,164,532,2627.48125,0
19,2044,165,532,1921.91875,0
19,2044,166,532,2270.25,0
19,2044,167,532,2335.925,0
19,2044,168,532,2041.875,0
19,2044,169,532,2571.6375,0
19,2044,170,532,2471.425,0
19,2044,171,532,1995.05,0
19,2044,172,532,2730.69375,0
19,2044,173,532,2375.31875,0
19,2044,174,532,2186.66875,0
19,2044,175,532,2252.73125,0
19,2044,176,532,2124.6875,0
19,2044,177,532,2206.375,0
19,2044,178,532,2678.425,0
20,2045,1,8426,17822.55625,7700
20,2045,2,4387,14899.39375,3400
20,2045,3,3528,13210.58125,2400
20,2045,4,3344,11874.45625,2400
20,2045,5,3338,9573.5875,2400
20,2045,6,1033,8832.96875,0
20,2045,7,1033,8772.31875,0
20,2045,8,1033,8380.9875,0
20,2045,9,1033,7216.75,0
20,2045,10,1033,6855.19375,0
20,2045,11,892,5835.09375,0
20,2045,12,867,5870.88125,0
20,2045,13,867,5558.04375,0
20,2045,14,818,5631.0375,0
20,2045,15,652,5224.80625,0
20,2045,16,652,5127.71875,0
20,2045,17,652,5767.025,0
20,2045,18,652,5149.46875,0
20,2045,19,652,5014.1375,0
20,2045,20,652,4997.5875,0
20,2045,21,652,4525.14375,0
20,2045,22,652,3712.80625,0
20,2045,23,652,4061.7125,0
20,2045,24,652,2948.46875,0
20,2045,25,652,2887.6125,0
20,2045,26,652,2469.20625,0
20,2045,27,652,2460.9625,0
20,2045,28,652,2183.6125,0
20,2045,29,652,2210.4625,0
20,2045,30,652,2085.39375,0
20,2045,31,652,1877.35625,0
20,2045,32,652,2165.9375,0
20,2045,33,652,2196.275,0
20,2045,34,652,2540.6,0
20,2045,35,652,2308.3125,0
20,2045,36,652,2114.80625,0
20,2045,37,652,2189.31875,0
20,2045,38,652,1996.31875,0
20,2045,39,652,1578.9,0
20,2045,40,652,1994.625,0
20,2045,41,652,2213.71875,0
20,2045,42,652,1787.925,0
20,2045,43,652,1857.36875,0
20,2045,44,652,2441.64375,0
20,2045,45,652,2209.375,0
20,2045,46,652,2325.15625,0
20,2045,47,652,1789.55625,0
20,2045,48,652,2293.725,0
20,2045,49,652,2246.24375,0
20,2045,50,652,2342.2125,0
20,2045,51,652,2308.51875,0
20,2045,52,652,2535.2,0
20,2045,53,652,2112.9875,0
20,2045,54,652,2639.04375,0
20,2045,55,652,2239.21875,0
20,2045,56,652,1859.04375,0
20,2045,57,652,1895.6875,0
20,2045,58,652,2179.925,0
20,2045,59,652,2242.8125,0
20,2045,60,652,1537.3625,0
20,2045,61,652,2121.9625,0
20,2045,62,652,2098.03125,0
20,2045,63,652,1959.675,0
20,2045,64,652,1988.775,0
20,2045,65,652,2052.43125,0
20,2045,66,652,2235.99375,0
20,2045,67,652,2642.6125,0
20,2045,68,652,2239.75625,0
20,2045,69,652,2153.8375,0
20,2045,70,652,2262.525,0
20,2045,71,652,2061.65625,0
20,2045,72,652,2653.55625,0
20,2045,73,652,2458.86875,0
20,2045,74,652,2574.1,0
20,2045,75,652,1866.4375,0
20,2045,76,652,2011.86875,0
20,2045,77,652,1811.60625,0
20,2045,78,652,2312.425,0
20,2045,79,652,2392.575,0
20,2045,80,652,2147.275,0
20,2045,81,652,2471.375,0
20,2045,82,652,1933.4875,0
20,2045,83,652,1984.4875,0
20,2045,84,652,2178.5,0
20,2045,85,652,2285.50625,0
20,2045,86,652,1910.51875,0
20,2045,87,652,2047.325,0
20,2045,88,652,2299.4,0
20,2045,89,652,1990.26875,0
20,2045,90,652,2053.1375,0
20,2045,91,652,2461.3875,0
20,2045,92,652,1952.3875,0
20,2045,93,652,2043.33125,0
20,2045,94,652,2242.75,0
20,2045,95,652,2235.83125,0
20,2045,96,652,1882.75625,0
20,2045,97,652,2054.28125,0
20,2045,98,652,1962.1125,0
20,2045,99,652,2043.80625,0
20,2045,100,652,1785.6375,0
20,2045,101,652,2027.375,0
20,2045,102,652,2290.73125,0
20,2045,103,652,2233.825,0
20,2045,104,652,2141.43125,0
20,2045,105,652,2578.43125,0
20,2045,106,652,1993.95,0
20,2045,107,652,2049.175,0
20,2045,108,652,1896.71875,0
20,2045,109,652,2416.5375,0
20,2045,110,652,2486.34375,0
20,2045,111,652,2167.99375,0
20,2045,112,652,1798,0
20,2045,113,652,2015.175,0
20,2045,114,652,2333.9875,0
20,2045,115,652,2399.2125,0
20,2045,116,652,2406.2,0
20,2045,117,652,2238.4875,0
20,2045,118,652,2049.95,0
20,2045,119,652,2574.93125,0
20,2045,120,652,2373.925,0
20,2045,121,652,2069.16875,0
20,2045,122,652,2255.925,0
20,2045,123,652,1903.74375,0
20,2045,124,652,2437.175,0
20,2045,125,652,2502.95,0
20,2045,126,652,2223.69375,0
20,2045,127,652,1851.01875,0
20,2045,128,652,2285.09375,0
20,2045,129,652,2260.46875,0
20,2045,130,652,2121.05625,0
20,2045,131,652,2299.7,0
20,2045,132,652,2229.98125,0
20,2045,133,652,2187.875,0
20,2045,134,652,1865.7,0
20,2045,135,652,1802.5875,0
20,2045,136,652,2494.2375,0
20,2045,137,652,2304.0375,0
20,2045,138,652,2227.05625,0
20,2045,139,652,2518.96875,0
20,2045,140,652,1896.66875,0
20,2045,141,652,2202.525,0
20,2045,142,652,2298.975,0
20,2045,143,652,2358.0125,0
20,2045,144,652,2010.2625,0
20,2045,145,652,2116.4375,0
20,2045,146,652,2148.28125,0
20,2045,147,652,2355.2625,0
20,2045,148,652,2355.06875,0
20,2045,149,652,2623.025,0
20,2045,150,652,2246.1375,0
20,2045,151,652,2138.1375,0
20,2045,152,652,2252.29375,0
20,2045,153,652,1760.45625,0
20,2045,154,652,1914.5,0
20,2045,155,652,2136.75625,0
20,2045,156,652,2232.7125,0
20,2045,157,652,2284.68125,0
20,2045,158,652,2581.675,0
20,2045,159,652,2257.0125,0
20,2045,160,652,2409,0
20,2045,161,652,2114.51875,0
20,2045,162,652,2338.36875,0
20,2045,163,652,2069.825,0
20,2045,164,652,1985.5875,0
20,2045,165,652,1973.28125,0
21,2046,1,6597,17586.5125,5700
21,2046,2,3339,14395.61875,2300
21,2046,3,3339,13149.6125,2300
21,2046,4,652,10729.425,0
21,2046,5,612,9369.68125,0
21,2046,6,587,8711.9125,0
21,2046,7,587,7960.95625,0
21,2046,8,587,7101.51875,0
21,2046,9,587,7013.425,0
21,2046,10,587,6539.01875,0
21,2046,11,587,5840.39375,0
21,2046,12,587,4705.2625,0
21,2046,13,587,5285.0125,0
21,2046,14,532,5032.63125,0
21,2046,15,452,5196.94375,0
21,2046,16,452,4787.8125,0
21,2046,17,452,4920.74375,0
21,2046,18,452,4240.8375,0
21,2046,19,452,3764.28125,0
21,2046,20,452,3741.1875,0
21,2046,21,372,4120.5625,0
21,2046,22,372,4408.89375,0
21,2046,23,372,4114.79375,0
21,2046,24,372,4139.58125,0
21,2046,25,372,3734.275,0
21,2046,26,372,3728.36875,0
21,2046,27,372,3370.38125,0
21,2046,28,372,3638.5,0
21,2046,29,372,3058.90625,0
21,2046,30,372,2756.60625,0
21,2046,31,372,3151.3125,0
21,2046,32,372,2817.34375,0
21,2046,33,372,2551.75625,0
21,2046,34,372,1948.03125,0
21,2046,35,372,2012.6375,0
21,2046,36,372,2215.65625,0
21,2046,37,372,2671.8875,0
21,2046,38,372,2630.96875,0
21,2046,39,372,2586.64375,0
21,2046,40,372,2754.65,0
21,2046,41,372,2403.06875,0
21,2046,42,372,2588.81875,0
21,2046,43,372,2047.59375,0
21,2046,44,372,2347.9625,0
21,2046,45,372,2431.19375,0
21,2046,46,372,2510.7125,0
21,2046,47,372,2512.94375,0
21,2046,48,372,1928.2625,0
21,2046,49,372,2400.925,0
21,2046,50,372,2905.95625,0
21,2046,51,372,1952.325,0
21,2046,52,372,1800.15,0
21,2046,53,372,2134.23125,0
21,2046,54,372,2273.73125,0
21,2046,55,372,2266.95625,0
21,2046,56,372,1806.4375,0
21,2046,57,372,2487.95625,0
21,2046,58,372,2840.25,0
21,2046,59,372,2899.11875,0
21,2046,60,372,2288.85,0
21,2046,61,372,2685.6,0
21,2046,62,372,2547.09375,0
21,2046,63,372,2647.1375,0
21,2046,64,372,2813.925,0
21,2046,65,372,2270.10625,0
21,2046,66,372,2324.64375,0
21,2046,67,372,2197.24375,0
21,2046,68,372,2200.4875,0
21,2046,69,372,2221.46875,0
21,2046,70,372,1784.3125,0
21,2046,71,372,2333.425,0
21,2046,72,372,2237.85,0
21,2046,73,372,1969.60625,0
21,2046,74,372,2278.94375,0
21,2046,75,372,2466.1,0
21,2046,76,372,2382.00625,0
21,2046,77,372,2148.73125,0
21,2046,78,372,2144.8,0
21,2046,79,372,2506.0125,0
21,2046,80,372,2302.025,0
21,2046,81,372,2778.28125,0
21,2046,82,372,1821.28125,0
21,2046,83,372,2367.45,0
21,2046,84,372,1928.44375,0
21,2046,85,372,2148.21875,0
21,2046,86,372,2366.1875,0
21,2046,87,372,2368.44375,0
21,2046,88,372,2239.20625,0
21,2046,89,372,2606.5625,0
21,2046,90,372,2044.725,0
21,2046,91,372,2269.8875,0
21,2046,92,372,2097.80625,0
21,2046,93,372,2509.4375,0
21,2046,94,372,2252.38125,0
21,2046,95,372,2194.04375,0
21,2046,96,372,2228.13125,0
21,2046,97,372,2801.45,0
21,2046,98,372,2377.5875,0
21,2046,99,372,2286.65625,0
21,2046,100,372,2189.3875,0
21,2046,101,372,2069.875,0
21,2046,102,372,1970.49375,0
21,2046,103,372,2480.60625,0
21,2046,104,372,2200.125,0
21,2046,105,372,2192.5875,0
21,2046,106,372,2490.1125,0
21,2046,107,372,1929.46875,0
21,2046,108,372,2582.9375,0
21,2046,109,372,2301.64375,0
21,2046,110,372,2527.275,0
21,2046,111,372,2308.7625,0
21,2046,112,372,2370.75,0
21,2046,113,372,3113.025,0
21,2046,114,372,2407,0
21,2046,115,372,1930.48125,0
21,2046,116,372,2043.65625,0
21,2046,117,372,2678.11875,0
21,2046,118,372,2119.8875,0
21,2046,119,372,2693.1125,0
21,2046,120,372,2045.33125,0
21,2046,121,372,2082.73125,0
21,2046,122,372,2458.0625,0
21,2046,123,372,2156.59375,0
21,2046,124,372,2356.03125,0
21,2046,125,372,2593.98125,0
21,2046,126,372,2287.96875,0
21,2046,127,372,2442.475,0
21,2046,128,372,2621.96875,0
21,2046,129,372,1966.3,0
21,2046,130,372,2264.63125,0
21,2046,131,372,2042.3875,0
21,2046,132,372,2172.3375,0
21,2046,133,372,2410.53125,0
21,2046,134,372,2399.34375,0
21,2046,135,372,2744.525,0
21,2046,136,372,2361.89375,0
21,2046,137,372,2659.575,0
21,2046,138,372,2296.9,0
21,2046,139,372,2487.5,0
21,2046,140,372,2674.8375,0
21,2046,141,372,2070.2125,0
21,2046,142,372,2764.86875,0
21,2046,143,372,2710.20625,0
21,2046,144,372,2505.0625,0
21,2046,145,372,2594.7375,0
21,2046,146,372,2757.7875,0
21,2046,147,372,2528.0625,0
21,2046,148,372,2432.03125,0
21,2046,149,372,2607.00625,0
21,2046,150,372,2208.93125,0
21,2046,151,372,2445.45625,0
21,2046,152,372,2274.95,0
21,2046,153,372,2262.81875,0
21,2046,154,372,2491.73125,0
21,2046,155,372,2289.0625,0
21,2046,156,372,2264.9,0
21,2046,157,372,2605.2875,0
21,2046,158,372,2848.95,0
21,2046,159,372,2931.49375,0
21,2046,160,372,2806.86875,0
21,2046,161,372,2720.275,0
21,2046,162,372,3385.0625,0
21,2046,163,372,2790.09375,0
21,2046,164,372,2345.925,0
21,2046,165,372,2340.45,0
21,2046,166,372,2322.7875,0
21,2046,167,372,2678.80625,0
21,2046,168,372,2640.09375,0
21,2046,169,372,2078.7625,0
21,2046,170,372,1849.4875,0
21,2046,171,372,2262.775,0
22,2047,1,6623,17531.4125,5600
22,2047,2,3463,14996.7625,2400
22,2047,3,3463,13207.61875,2400
22,2047,4,3433,11335.9625,2400
22,2047,5,602,10580.41875,0
22,2047,6,602,9666.14375,0
22,2047,7,602,8779,0
22,2047,8,602,8545.89375,0
22,2047,9,602,8241.6625,0
22,2047,10,602,7080.69375,0
22,2047,11,602,7902.30625,0
22,2047,12,602,7230.33125,0
22,2047,13,602,6707.775,0
22,2047,14,602,5357.4,0
22,2047,15,602,4396.55625,0
22,2047,16,602,3297.04375,0
22,2047,17,602,2638.73125,0
22,2047,18,602,2463.61875,0
22,2047,19,602,2150.6375,0
22,2047,20,602,2402.01875,0
22,2047,21,602,1986.26875,0
22,2047,22,602,2233.40625,0
22,2047,23,562,2111.61875,0
22,2047,24,562,1792.15,0
22,2047,25,562,2060.25625,0
22,2047,26,562,2281.8875,0
22,2047,27,562,1881.68125,0
22,2047,28,562,1988.78125,0
22,2047,29,562,2112.24375,0
22,2047,30,562,2224.69375,0
22,2047,31,562,2125.6125,0
22,2047,32,562,2442.8125,0
22,2047,33,562,2167.825,0
22,2047,34,562,2312.65,0
22,2047,35,530,2472.1125,0
22,2047,36,530,2600.5875,0
22,2047,37,530,2012.55625,0
22,2047,38,482,2086.625,0
22,2047,39,482,2378.41875,0
22,2047,40,482,2806.4375,0
22,2047,41,450,2369.53125,0
22,2047,42,450,2932.2,0
22,2047,43,450,3439.04375,0
22,2047,44,450,3306.2375,0
22,2047,45,450,2942.425,0
22,2047,46,450,2910.1625,0
22,2047,47,450,2845.46875,0
22,2047,48,450,2672.94375,0
22,2047,49,450,2165.46875,0
22,2047,50,450,2311.1,0
22,2047,51,450,1661.375,0
22,2047,52,450,1970.7,0
22,2047,53,450,2147.425,0
22,2047,54,450,2120.6625,0
22,2047,55,450,2358.6125,0
22,2047,56,450,2282.09375,0
22,2047,57,450,2364.4625,0
22,2047,58,450,2425.1,0
22,2047,59,450,2338.28125,0
22,2047,60,450,1983.56875,0
22,2047,61,450,2062.55625,0
22,2047,62,450,2088.0625,0
22,2047,63,450,2137.76875,0
22,2047,64,450,1747.73125,0
22,2047,65,450,1962.8625,0
22,2047,66,450,2247.225,0
22,2047,67,450,2165.68125,0
22,2047,68,450,2107.275,0
22,2047,69,450,2265.39375,0
22,2047,70,450,2360.03125,0
22,2047,71,450,1781.48125,0
22,2047,72,450,2132.2625,0
22,2047,73,450,1946.5375,0
22,2047,74,450,2122.575,0
22,2047,75,450,2470.68125,0
22,2047,76,450,2623.31875,0
22,2047,77,450,2709.26875,0
22,2047,78,450,2397.25625,0
22,2047,79,450,2104.41875,0
22,2047,80,450,2173.45625,0
22,2047,81,450,2563.2625,0
22,2047,82,450,1774.41875,0
22,2047,83,450,2612.2,0
22,2047,84,450,2130.60625,0
22,2047,85,450,1956.65,0
22,2047,86,450,1849.2,0
22,2047,87,450,1837.7125,0
22,2047,88,450,2232.8375,0
22,2047,89,450,1930.925,0
22,2047,90,450,2126.34375,0
22,2047,91,450,1935.10625,0
22,2047,92,450,2519.8625,0
22,2047,93,450,2305.7125,0
22,2047,94,450,2141.5625,0
22,2047,95,450,2013.05,0
22,2047,96,450,2407.1625,0
22,2047,97,450,1809.6,0
22,2047,98,450,2218.425,0
22,2047,99,450,1906.0375,0
22,2047,100,450,2000.09375,0
22,2047,101,450,2572.725,0
22,2047,102,450,2737.11875,0
22,2047,103,450,2557.68125,0
22,2047,104,450,2265.9,0
22,2047,105,450,2403.79375,0
22,2047,106,450,1911.75625,0
22,2047,107,450,1970.29375,0
22,2047,108,450,2199.18125,0
22,2047,109,450,2087.78125,0
22,2047,110,450,2044.1625,0
22,2047,111,450,1860.89375,0
22,2047,112,450,1645.0625,0
22,2047,113,450,2055.85625,0
22,2047,114,450,2330.18125,0
22,2047,115,450,2023.46875,0
22,2047,116,450,1950.475,0
22,2047,117,450,2304.1625,0
22,2047,118,450,2475.51875,0
22,2047,119,450,1820.20625,0
22,2047,120,450,2423.33125,0
22,2047,121,450,2410.06875,0
22,2047,122,450,2130.9875,0
22,2047,123,450,2310.9375,0
22,2047,124,450,2143.66875,0
22,2047,125,450,2406.8375,0
22,2047,126,450,2507.35625,0
22,2047,127,450,2455.94375,0
22,2047,128,450,2276.3375,0
22,2047,129,450,2194.66875,0
22,2047,130,450,1951.71875,0
22,2047,131,450,2214.0125,0
22,2047,132,450,2011.7125,0
22,2047,133,450,2021.8125,0
22,2047,134,450,2440.94375,0
22,2047,135,450,2353.725,0
22,2047,136,450,1903.7,0
22,2047,137,450,2044.9625,0
22,2047,138,450,2061.85625,0
22,2047,139,450,2070.075,0
22,2047,140,450,2011.14375,0
22,2047,141,450,1838.08125,0
22,2047,142,450,1720.025,0
22,2047,143,450,2147.85,0
22,2047,144,450,2045.11875,0
22,2047,145,450,1980.63125,0
22,2047,146,450,2152.81875,0
22,2047,147,450,2191.7125,0
22,2047,148,450,2182.1,0
22,2047,149,450,2690.46875,0
22,2047,150,450,2483.175,0
22,2047,151,450,2260.05625,0
22,2047,152,450,2618.81875,0
22,2047,153,450,1998.51875,0
22,2047,154,450,1881.71875,0
22,2047,155,450,2205.60625,0
22,2047,156,450,2263.6625,0
22,2047,157,450,1915.74375,0
22,2047,158,450,1981.33125,0
22,2047,159,450,1607.5125,0
22,2047,160,450,1989.73125,0
22,2047,161,450,1972.0125,0
22,2047,162,450,2066.88125,0
22,2047,163,450,2295.0125,0
22,2047,164,450,2129.15625,0
22,2047,165,450,1848.65,0
22,2047,166,450,2081.21875,0
22,2047,167,450,1369.53125,0
22,2047,168,450,1930.90625,0
22,2047,169,450,1927.59375,0
22,2047,170,450,2048.4125,0
22,2047,171,450,2050.7875,0
22,2047,172,450,1985.38125,0
22,2047,173,450,2309.45,0
22,2047,174,450,2263.8,0
22,2047,175,450,1949.7875,0
22,2047,176,450,2132.86875,0
22,2047,177,450,1891.13125,0
22,2047,178,450,1965.9125,0
22,2047,179,450,2343.7625,0
22,2047,180,450,2059.6375,0
22,2047,181,450,1917.425,0
22,2047,182,450,2078.18125,0
22,2047,183,450,2445.4,0
22,2047,184,450,1887.8125,0
22,2047,185,450,2235.775,0
22,2047,186,450,1810.7875,0
22,2047,187,450,2181.54375,0
22,2047,188,450,1906.58125,0
22,2047,189,450,1940.45625,0
22,2047,190,450,2095.70625,0
22,2047,191,450,2323.0375,0
23,2048,1,4139,17115.5375,3400
23,2048,2,4097,14629.7625,3400
23,2048,3,3105,12467.375,2400
23,2048,4,484,11573.21875,0
23,2048,5,484,9831.1125,0
23,2048,6,484,8796.225,0
23,2048,7,484,7707.6125,0
23,2048,8,484,6792.8125,0
23,2048,9,484,6176.5375,0
23,2048,10,484,6293.19375,0
23,2048,11,484,5767.41875,0
23,2048,12,484,5032.4,0
23,2048,13,484,4400.0375,0
23,2048,14,484,3204.7625,0
23,2048,15,484,2402.85625,0
23,2048,16,484,1638.325,0
23,2048,17,484,2020.06875,0
23,2048,18,484,2345.0125,0
23,2048,19,484,2474.95625,0
23,2048,20,484,2017.85625,0
23,2048,21,484,2145.225,0
23,2048,22,484,1866.34375,0
23,2048,23,484,2319.01875,0
23,2048,24,484,2391.29375,0
23,2048,25,484,2031.575,0
23,2048,26,484,1859.1,0
23,2048,27,484,1822.5375,0
23,2048,28,484,2098.7375,0
23,2048,29,484,1760.6375,0
23,2048,30,484,1970.63125,0
23,2048,31,484,2074.125,0
23,2048,32,484,1973.175,0
23,2048,33,484,1958.325,0
23,2048,34,484,2270.3,0
23,2048,35,484,1660.23125,0
23,2048,36,484,1930.11875,0
23,2048,37,484,2327.91875,0
23,2048,38,484,1942.35625,0
23,2048,39,484,1791.0125,0
23,2048,40,484,1942.2875,0
23,2048,41,484,2075.70625,0
23,2048,42,484,1919.0625,0
23,2048,43,484,2161.63125,0
23,2048,44,484,1941.2875,0
23,2048,45,484,2425.80625,0
23,2048,46,484,2048.70625,0
23,2048,47,484,1790.54375,0
23,2048,48,484,2062.4,0
23,2048,49,484,1866.55625,0
23,2048,50,484,1969.46875,0
23,2048,51,484,2029.49375,0
23,2048,52,484,1860.88125,0
23,2048,53,484,2050.50625,0
23,2048,54,484,2095.99375,0
23,2048,55,484,2358.475,0
23,2048,56,484,2369.25,0
23,2048,57,484,2247.55,0
23,2048,58,484,1945.83125,0
23,2048,59,484,2093.11875,0
23,2048,60,484,2464.025,0
23,2048,61,484,2420.36875,0
23,2048,62,484,2322.1125,0
23,2048,63,484,2286.84375,0
23,2048,64,484,2227.3875,0
23,2048,65,484,2110.3125,0
23,2048,66,484,2105.3,0
23,2048,67,484,2227.74375,0
23,2048,68,484,2231.30625,0
23,2048,69,484,2314.96875,0
23,2048,70,484,1957.725,0
23,2048,71,484,2288.975,0
23,2048,72,484,2354.875,0
23,2048,73,484,2180.48125,0
23,2048,74,484,2124.96875,0
23,2048,75,484,2912.68125,0
23,2048,76,484,2200.5375,0
23,2048,77,484,2300.71875,0
23,2048,78,484,2800.10625,0
23,2048,79,484,2182.425,0
23,2048,80,484,2402.93125,0
23,2048,81,484,2242.575,0
23,2048,82,484,2220.5125,0
23,2048,83,484,1909.74375,0
23,2048,84,484,2002.13125,0
23,2048,85,484,2066.5875,0
23,2048,86,484,2480.94375,0
23,2048,87,484,2211.93125,0
23,2048,88,484,2320.85625,0
23,2048,89,484,2326.725,0
23,2048,90,484,2322.8875,0
23,2048,91,484,2082.88125,0
23,2048,92,484,2161.11875,0
23,2048,93,484,2255.775,0
23,2048,94,484,2158.95625,0
23,2048,95,484,1535.475,0
23,2048,96,484,2080.78125,0
23,2048,97,484,2410.56875,0
23,2048,98,484,1702.33125,0
23,2048,99,484,1717.13125,0
23,2048,100,484,2264.3375,0
23,2048,101,484,2243.1375,0
23,2048,102,484,2068.38125,0
23,2048,103,484,1773.4125,0
23,2048,104,484,1959,0
23,2048,105,484,1863.175,0
23,2048,106,484,2076.78125,0
23,2048,107,484,2044.28125,0
23,2048,108,484,2053.03125,0
23,2048,109,484,2066.1875,0
23,2048,110,484,2568.4125,0
23,2048,111,484,1926.8375,0
23,2048,112,484,2183.26875,0
23,2048,113,484,1954.625,0
23,2048,114,484,2209.5875,0
23,2048,115,484,2116.875,0
23,2048,116,484,1976.40625,0
23,2048,117,484,2020.5,0
23,2048,118,484,1995.54375,0
23,2048,119,484,1935.69375,0
23,2048,120,484,2262.45,0
23,2048,121,484,2283.1625,0
23,2048,122,484,1924.98125,0
23,2048,123,484,2401.6,0
23,2048,124,484,1942.15625,0
23,2048,125,484,2063.19375,0
23,2048,126,484,2078.86875,0
23,2048,127,484,2253.91875,0
23,2048,128,484,1717.5875,0
23,2048,129,484,1949.625,0
23,2048,130,484,2291.21875,0
23,2048,131,484,2005.65625,0
23,2048,132,484,2194.45625,0
23,2048,133,484,2460.1,0
23,2048,134,484,2541.8375,0
23,2048,135,484,1974.15,0
23,2048,136,484,2163.40625,0
23,2048,137,484,1780.31875,0
23,2048,138,484,2149.69375,0
23,2048,139,484,2105.225,0
23,2048,140,484,2207.5625,0
23,2048,141,484,2786.25625,0
23,2048,142,484,2198.76875,0
23,2048,143,484,2167.93125,0
23,2048,144,484,1914.18125,0
23,2048,145,484,1900.55,0
23,2048,146,484,2095.6125,0
23,2048,147,484,2069.6,0
23,2048,148,484,1976.91875,0
23,2048,149,484,1937.93125,0
23,2048,150,484,2412.5,0
23,2048,151,484,1673.00625,0
23,2048,152,484,1907.14375,0
23,2048,153,484,2133.36875,0
23,2048,154,484,2194.925,0
24,2049,1,7126,18227.4625,6800
24,2049,2,4428,15394.70625,3300
24,2049,3,4428,13182.75,3300
24,2049,4,652,11923.1,0
24,2049,5,652,10530.41875,0
24,2049,6,652,9086.2625,0
24,2049,7,652,8082.6,0
24,2049,8,652,7458.15,0
24,2049,9,652,6449.21875,0
24,2049,10,652,5739.74375,0
24,2049,11,452,5713.29375,0
24,2049,12,452,5574.83125,0
24,2049,13,452,5152.71875,0
24,2049,14,452,5602.61875,0
24,2049,15,452,5188.15625,0
24,2049,16,452,5250.90625,0
24,2049,17,452,4731.3375,0
24,2049,18,452,3953.88125,0
24,2049,19,452,3068.84375,0
24,2049,20,452,3354.88125,0
24,2049,21,452,2708.40625,0
24,2049,22,452,2452.98125,0
24,2049,23,452,2427.1875,0
24,2049,24,452,2402.89375,0
24,2049,25,452,2027.76875,0
24,2049,26,452,2146.31875,0
24,2049,27,452,2238.08125,0
24,2049,28,452,2366.00625,0
24,2049,29,452,2181.5375,0
24,2049,30,452,2776.825,0
24,2049,31,452,2082.25,0
24,2049,32,452,2555.2625,0
24,2049,33,452,2179.65625,0
24,2049,34,452,1985.35625,0
24,2049,35,452,2236.9375,0
24,2049,36,452,2113.7625,0
24,2049,37,452,2236.99375,0
24,2049,38,452,1964.89375,0
24,2049,39,452,1852.01875,0
24,2049,40,452,2286.325,0
24,2049,41,452,2393.96875,0
24,2049,42,452,2328.60625,0
24,2049,43,452,2294.96875,0
24,2049,44,452,2541.2375,0
24,2049,45,452,3050.4,0
24,2049,46,452,2792.325,0
24,2049,47,452,2430.45625,0
24,2049,48,452,2144.0125,0
24,2049,49,452,2264.60625,0
24,2049,50,452,2653.94375,0
24,2049,51,452,2331.51875,0
24,2049,52,452,2186.70625,0
24,2049,53,452,2180.6,0
24,2049,54,452,2401.85625,0
24,2049,55,452,1900.70625,0
24,2049,56,452,2311.475,0
24,2049,57,452,2304.46875,0
24,2049,58,452,2480.675,0
24,2049,59,452,2369.4125,0
24,2049,60,452,2260.3125,0
24,2049,61,452,2617.83125,0
24,2049,62,452,2362.0375,0
24,2049,63,452,2851.23125,0
24,2049,64,452,2575.58125,0
24,2049,65,452,2326.4375,0
24,2049,66,452,2258.01875,0
24,2049,67,452,1795.64375,0
24,2049,68,452,2262.7625,0
24,2049,69,452,2072.04375,0
24,2049,70,452,2029.4875,0
24,2049,71,452,1945.33125,0
24,2049,72,452,2411.225,0
24,2049,73,452,2528.11875,0
24,2049,74,452,1844.33125,0
24,2049,75,452,2101.1,0
24,2049,76,452,2362.7875,0
24,2049,77,452,1755.84375,0
24,2049,78,452,1976.98125,0
24,2049,79,452,2556.91875,0
24,2049,80,452,1983.05,0
24,2049,81,452,1995.95,0
24,2049,82,452,2377.93125,0
24,2049,83,452,2054.70625,0
24,2049,84,452,2026.80625,0
24,2049,85,452,2117.1,0
24,2049,86,452,2054.55625,0
24,2049,87,452,2548.58125,0
24,2049,88,452,2818.1,0
24,2049,89,452,2395.425,0
24,2049,90,452,2129.63125,0
24,2049,91,452,2184.9,0
24,2049,92,452,1981.825,0
24,2049,93,452,2220.3875,0
24,2049,94,452,2413.2875,0
24,2049,95,452,1892.825,0
24,2049,96,452,1875.03125,0
24,2049,97,452,2383.65,0
24,2049,98,452,2309.18125,0
24,2049,99,452,2450.54375,0
24,2049,100,452,2027.5875,0
24,2049,101,452,2226.86875,0
24,2049,102,452,2144.06875,0
24,2049,103,452,2333.925,0
24,2049,104,452,2453.71875,0
24,2049,105,452,2371.4125,0
24,2049,106,452,2413.35,0
24,2049,107,452,2576.8375,0
24,2049,108,452,2279.6875,0
24,2049,109,452,1718.275,0
24,2049,110,452,2325.0875,0
24,2049,111,452,2230.45625,0
24,2049,112,452,3024.85,0
24,2049,113,452,2266.45,0
24,2049,114,452,2382.73125,0
24,2049,115,452,2352.71875,0
24,2049,116,452,2366.6625,0
24,2049,117,452,2087.06875,0
24,2049,118,452,2168.16875,0
24,2049,119,452,2037.15,0
24,2049,120,452,2097.875,0
24,2049,121,452,2053.4,0
24,2049,122,452,1744.84375,0
24,2049,123,452,2059.8875,0
24,2049,124,452,2365.26875,0
24,2049,125,452,1852.78125,0
24,2049,126,452,2372.91875,0
24,2049,127,452,1970.875,0
24,2049,128,452,2354.6,0
24,2049,129,452,1941.1125,0
24,2049,130,452,2333.51875,0
24,2049,131,452,2211.60625,0
24,2049,132,452,1964.33125,0
24,2049,133,452,2035.90625,0
24,2049,134,452,2058.7125,0
24,2049,135,452,1651.9,0
24,2049,136,452,1911.275,0
24,2049,137,452,2192.23125,0
24,2049,138,452,2012.20625,0
24,2049,139,452,2769.66875,0
24,2049,140,452,2040.76875,0
24,2049,141,452,2162.98125,0
24,2049,142,452,2135.6625,0
24,2049,143,452,2126.5,0
24,2049,144,452,2032.06875,0
24,2049,145,452,2206.04375,0
24,2049,146,452,2469.40625,0
24,2049,147,452,2265.55625,0
24,2049,148,452,2467.7,0
24,2049,149,452,2005.0125,0
24,2049,150,452,2761.0125,0
24,2049,151,452,2731.84375,0
24,2049,152,452,2470.70625,0
24,2049,153,452,2407.50625,0
24,2049,154,452,2379.575,0
24,2049,155,452,2259.98125,0
24,2049,156,452,2077.11875,0
24,2049,157,452,2304,0
24,2049,158,452,2263.5625,0
24,2049,159,452,2420.84375,0
24,2049,160,452,1862.4125,0
24,2049,161,452,2364.4125,0
25,2050,1,5778,18061.41875,4800
25,2050,2,5778,15329.63125,4800
25,2050,3,3338,12920.35,2400
25,2050,4,3338,11585.50625,2400
25,2050,5,3091,9751.3375,2300
25,2050,6,785,9144.6375,0
25,2050,7,785,9655.68125,0
25,2050,8,785,8770.10625,0
25,2050,9,705,7974.55625,0
25,2050,10,705,6749.29375,0
25,2050,11,705,6002.38125,0
25,2050,12,705,5094.6,0
25,2050,13,650,4133.26875,0
25,2050,14,650,3045.1375,0
25,2050,15,452,2618.475,0
25,2050,16,452,2934.64375,0
25,2050,17,452,3203.58125,0
25,2050,18,452,3051.18125,0
25,2050,19,452,3333.44375,0
25,2050,20,452,3375.8375,0
25,2050,21,452,3502.90625,0
25,2050,22,452,3294.9875,0
25,2050,23,452,3664.9375,0
25,2050,24,452,2949.64375,0
25,2050,25,452,2286.8,0
25,2050,26,452,2348.38125,0
25,2050,27,452,2537.95625,0
25,2050,28,452,2372.30625,0
25,2050,29,452,2381.78125,0
25,2050,30,452,2022.80625,0
25,2050,31,452,1971.79375,0
25,2050,32,452,2888.775,0
25,2050,33,452,1773.0375,0
25,2050,34,452,2112.4,0
25,2050,35,452,1951.025,0
25,2050,36,452,2409.425,0
25,2050,37,452,2752.05,0
25,2050,38,452,2229.10625,0
25,2050,39,452,2227.60625,0
25,2050,40,452,2211.15625,0
25,2050,41,452,2427.24375,0
25,2050,42,452,2323.19375,0
25,2050,43,452,2588.85,0
25,2050,44,452,2762.21875,0
25,2050,45,452,2555.75625,0
25,2050,46,452,2281.05,0
25,2050,47,452,2188.1,0
25,2050,48,452,2426.45,0
25,2050,49,452,2188.9125,0
25,2050,50,452,2132.25,0
25,2050,51,452,2304.275,0
25,2050,52,452,2037.00625,0
25,2050,53,452,1822.48125,0
25,2050,54,452,2402.65,0
25,2050,55,452,1911.525,0
25,2050,56,452,2141.9,0
25,2050,57,452,2252.75625,0
25,2050,58,452,2137.78125,0
25,2050,59,452,2009.6625,0
25,2050,60,452,2103.90625,0
25,2050,61,452,2297.93125,0
25,2050,62,452,2500.9375,0
25,2050,63,452,1802.01875,0
25,2050,64,452,2409.43125,0
25,2050,65,452,2719.29375,0
25,2050,66,452,2082.0125,0
25,2050,67,452,2595.125,0
25,2050,68,452,1981.275,0
25,2050,69,452,2199.11875,0
25,2050,70,452,2019.9875,0
25,2050,71,452,2429.86875,0
25,2050,72,452,2003.15625,0
25,2050,73,452,2226.30625,0
25,2050,74,452,1975.975,0
25,2050,75,452,2602.6625,0
25,2050,76,452,2252.575,0
25,2050,77,452,2099.25625,0
25,2050,78,452,2290.7375,0
25,2050,79,452,1692.3875,0
25,2050,80,452,2423.5375,0
25,2050,81,452,2248.2125,0
25,2050,82,452,2430.9,0
25,2050,83,452,2071.8875,0
25,2050,84,452,2000.73125,0
25,2050,85,452,2366.56875,0
25,2050,86,452,2545.2875,0
25,2050,87,452,1791.93125,0
25,2050,88,452,2190.79375,0
25,2050,89,452,2331.49375,0
25,2050,90,452,2090.50625,0
25,2050,91,452,2426.69375,0
25,2050,92,452,2397.125,0
25,2050,93,452,2755.20625,0
25,2050,94,452,2043.5375,0
25,2050,95,452,2562.7625,0
25,2050,96,452,2242.3,0
25,2050,97,452,2583.6,0
25,2050,98,452,2248.59375,0
25,2050,99,452,2151.4375,0
25,2050,100,452,2141.54375,0
25,2050,101,452,2414.78125,0
25,2050,102,452,2389.81875,0
25,2050,103,452,2509.5125,0
25,2050,104,452,2197.70625,0
25,2050,105,452,2271.00625,0
25,2050,106,452,2159.2,0
25,2050,107,452,2154.25625,0
25,2050,108,452,2193.5,0
25,2050,109,452,2610.59375,0
25,2050,110,452,2425.3375,0
25,2050,111,452,2437.96875,0
25,2050,112,452,2069.7375,0
25,2050,113,452,2306.125,0
25,2050,114,452,1927.08125,0
25,2050,115,452,2432.3,0
25,2050,116,452,2312.20625,0
25,2050,117,452,2284.53125,0
25,2050,118,452,1884.8375,0
25,2050,119,452,2002.50625,0
25,2050,120,452,2194.10625,0
25,2050,121,452,2161.35625,0
25,2050,122,452,2440.56875,0
25,2050,123,452,2353.45,0
25,2050,124,452,2713.95625,0
25,2050,125,452,2106.61875,0
25,2050,126,452,2653.93125,0
25,2050,127,452,2038.11875,0
25,2050,128,452,2132.925,0
25,2050,129,452,2016.84375,0
25,2050,130,452,2026.84375,0
25,2050,131,452,2188.775,0
25,2050,132,452,2082.9875,0
25,2050,133,452,1949.325,0
25,2050,134,452,2126.3875,0
25,2050,135,452,2282.0625,0
25,2050,136,452,1882.9375,0
25,2050,137,452,2536.95625,0
25,2050,138,452,2551.7,0
25,2050,139,452,2189.09375,0
25,2050,140,452,2274.9625,0
25,2050,141,452,2181.89375,0
25,2050,142,452,2405.55625,0
25,2050,143,452,1867.70625,0
25,2050,144,452,2110.80625,0
25,2050,145,452,2049.175,0
25,2050,146,452,2248.05,0
25,2050,147,452,2067.14375,0
25,2050,148,452,2695.16875,0
25,2050,149,452,1933.49375,0
25,2050,150,452,1974.3375,0
25,2050,151,452,2226.475,0
25,2050,152,452,2212.19375,0
25,2050,153,452,2425.875,0
25,2050,154,452,2285.25,0
25,2050,155,452,2751.65,0
25,2050,156,452,2221.35,0
25,2050,157,452,2401.38125,0
25,2050,158,452,2652.5625,0
25,2050,159,452,2121.2375,0
25,2050,160,452,2752.95625,0
25,2050,161,452,2496.55,0
25,2050,162,452,2060.35625,0
25,2050,163,452,2300.6875,0
25,2050,164,452,1833.0125,0
25,2050,165,452,1817.1125,0
26,2051,1,6438,17588.00625,5700
26,2051,2,3156,14921.125,2300
26,2051,3,490,11976.94375,0
26,2051,4,490,10338.9125,0
26,2051,5,490,9008.4875,0
26,2051,6,490,7864.3125,0
26,2051,7,490,6801.55625,0
26,2051,8,490,5839.21875,0
26,2051,9,490,4923.9375,0
26,2051,10,490,5566.89375,0
26,2051,11,490,5289.56875,0
26,2051,12,490,3895.05,0
26,2051,13,490,3464.76875,0
26,2051,14,490,2660.2875,0
26,2051,15,490,1889.6125,0
26,2051,16,450,1863.9125,0
26,2051,17,450,2293.94375,0
26,2051,18,450,2334.375,0
26,2051,19,450,2488.85625,0
26,2051,20,450,2587.16875,0
26,2051,21,450,2533.54375,0
26,2051,22,450,2234.98125,0
26,2051,23,450,2236.675,0
26,2051,24,450,1532.78125,0
26,2051,25,450,2454.21875,0
26,2051,26,450,2057.9,0
26,2051,27,450,2133.025,0
26,2051,28,450,2022.14375,0
26,2051,29,450,2074.26875,0
26,2051,30,450,1966.85625,0
26,2051,31,450,1852.875,0
26,2051,32,450,2607.45,0
26,2051,33,450,2518.85625,0
26,2051,34,450,2253.11875,0
26,2051,35,450,2266.48125,0
26,2051,36,450,1980.275,0
26,2051,37,450,2266.70625,0
26,2051,38,450,2651.3,0
26,2051,39,450,2218.6375,0
26,2051,40,450,1940.85,0
26,2051,41,450,2084.69375,0
26,2051,42,450,2281.25625,0
26,2051,43,450,2196.7,0
26,2051,44,450,2014.64375,0
26,2051,45,450,1895.45625,0
26,2051,46,450,2548.48125,0
26,2051,47,450,2285.78125,0
26,2051,48,450,1797.4875,0
26,2051,49,450,2336.8,0
26,2051,50,450,2449.08125,0
26,2051,51,450,2539.325,0
26,2051,52,450,2201.28125,0
26,2051,53,450,2150.325,0
26,2051,54,450,1708.05,0
26,2051,55,450,2159.49375,0
26,2051,56,450,2618.2375,0
26,2051,57,450,2424.41875,0
26,2051,58,450,2130.625,0
26,2051,59,450,1955.48125,0
26,2051,60,450,1846.03125,0
26,2051,61,450,1873.45625,0
26,2051,62,450,1822.65,0
26,2051,63,450,2093.58125,0
26,2051,64,450,2633.25,0
26,2051,65,450,2488.975,0
26,2051,66,450,2275.58125,0
26,2051,67,450,1738.01875,0
26,2051,68,450,1749.45,0
26,2051,69,450,1739.3625,0
26,2051,70,450,1796.79375,0
26,2051,71,450,2497.8625,0
26,2051,72,450,2092.7,0
26,2051,73,450,2253.2,0
26,2051,74,450,1908.61875,0
26,2051,75,450,2093.26875,0
26,2051,76,450,2028.49375,0
26,2051,77,450,2166.675,0
26,2051,78,450,2168.33125,0
26,2051,79,450,2123.44375,0
26,2051,80,450,2077.16875,0
26,2051,81,450,1872.88125,0
26,2051,82,450,2137.05625,0
26,2051,83,450,2490.29375,0
26,2051,84,450,2328.8875,0
26,2051,85,450,2067.6625,0
26,2051,86,450,2001.15,0
26,2051,87,450,1978.81875,0
26,2051,88,450,2129.93125,0
26,2051,89,450,2207.65625,0
26,2051,90,450,2651.83125,0
26,2051,91,450,2374.025,0
26,2051,92,450,2290.525,0
26,2051,93,450,1698.175,0
26,2051,94,450,2081.3625,0
26,2051,95,450,2101.56875,0
26,2051,96,450,3024.90625,0
26,2051,97,450,2178.275,0
26,2051,98,450,2510.98125,0
26,2051,99,450,2253,0
26,2051,100,450,2230.19375,0
26,2051,101,450,2244.05,0
26,2051,102,450,1938.925,0
26,2051,103,450,2352.025,0
26,2051,104,450,1863.55625,0
26,2051,105,450,1850.00625,0
26,2051,106,450,2162.78125,0
26,2051,107,450,1967.6125,0
26,2051,108,450,2501.38125,0
26,2051,109,450,3010.1375,0
26,2051,110,450,2496.25625,0
26,2051,111,450,1797.95625,0
26,2051,112,450,2227.9375,0
26,2051,113,450,2117.425,0
26,2051,114,450,2135.45,0
26,2051,115,450,2176.5375,0
26,2051,116,450,2507.675,0
26,2051,117,450,2669.75,0
26,2051,118,450,2425.2,0
26,2051,119,450,2077.80625,0
26,2051,120,450,2147.03125,0
26,2051,121,450,1893.08125,0
26,2051,122,450,2232.84375,0
26,2051,123,450,2111.91875,0
26,2051,124,450,2173.64375,0
26,2051,125,450,2457.33125,0
26,2051,126,450,2037.4875,0
26,2051,127,450,2267.54375,0
26,2051,128,450,2815.21875,0
26,2051,129,450,2091.975,0
26,2051,130,450,2064.4125,0
26,2051,131,450,2323.60625,0
26,2051,132,450,2376.3625,0
26,2051,133,450,2154.525,0
26,2051,134,450,1948.01875,0
26,2051,135,450,2099.95,0
26,2051,136,450,2323.95,0
26,2051,137,450,2196.73125,0
26,2051,138,450,2133.425,0
26,2051,139,450,2041.9375,0
26,2051,140,450,2319.5875,0
26,2051,141,450,2097.0625,0
26,2051,142,450,2271.2375,0
26,2051,143,450,2573.25625,0
26,2051,144,450,2352.8,0
26,2051,145,450,2168.0125,0
26,2051,146,450,2495.9375,0
26,2051,147,450,2223.05,0
26,2051,148,450,2730.2,0
26,2051,149,450,2725.44375,0
26,2051,150,450,2231.01875,0
26,2051,151,450,1813.7375,0
26,2051,152,450,1939.7125,0
26,2051,153,450,2235.5,0
26,2051,154,450,2188.5875,0
26,2051,155,450,2206.70625,0
26,2051,156,450,1886.95,0
26,2051,157,450,2199.59375,0
26,2051,158,450,1715.8875,0
26,2051,159,450,2108.2625,0
26,2051,160,450,2147.81875,0
26,2051,161,450,2630.58125,0
26,2051,162,450,2739.575,0
26,2051,163,450,2226.125,0
26,2051,164,450,1975.45625,0
26,2051,165,450,2361.93125,0
26,2051,166,450,2318.325,0
27,2052,1,9025,17802.98125,8200
27,2052,2,7587,15716.81875,6800
27,2052,3,5753,13217.20625,4800
27,2052,4,3368,11992.43125,2400
27,2052,5,812,10517.025,0
27,2052,6,812,9183.78125,0
27,2052,7,812,8226.36875,0
27,2052,8,812,7646.86875,0
27,2052,9,778,7016.6875,0
27,2052,10,778,6313.275,0
27,2052,11,778,6116.825,0
27,2052,12,778,6205.9125,0
27,2052,13,762,5687.3375,0
27,2052,14,732,5395.825,0
27,2052,15,692,5116.1875,0
27,2052,16,692,4322.7375,0
27,2052,17,692,4577.1375,0
27,2052,18,692,4375.04375,0
27,2052,19,612,4405.96875,0
27,2052,20,612,3735.9,0
27,2052,21,612,3428.03125,0
27,2052,22,612,2500.25,0
27,2052,23,612,2649.1875,0
27,2052,24,612,2565.3875,0
27,2052,25,612,2271.14375,0
27,2052,26,612,2723.5875,0
27,2052,27,612,2334.9,0
27,2052,28,612,2554.2,0
27,2052,29,612,2477.84375,0
27,2052,30,612,2148.225,0
27,2052,31,532,2166.90625,0
27,2052,32,532,2424.36875,0
27,2052,33,532,2214.63125,0
27,2052,34,532,2246.8375,0
27,2052,35,532,2554.6375,0
27,2052,36,532,2992.99375,0
27,2052,37,532,2709.55625,0
27,2052,38,532,2657.3125,0
27,2052,39,532,2415.94375,0
27,2052,40,532,2599.33125,0
27,2052,41,532,2250.925,0
27,2052,42,532,2391.4875,0
27,2052,43,532,2201.29375,0
27,2052,44,532,2128.94375,0
27,2052,45,532,1931.5,0
27,2052,46,532,2330.63125,0
27,2052,47,532,2349.75,0
27,2052,48,532,2756.9375,0
27,2052,49,532,2430.15,0
27,2052,50,532,2370.65,0
27,2052,51,532,2952.3,0
27,2052,52,532,2559.7,0
27,2052,53,532,2342.9,0
27,2052,54,532,2172.975,0
27,2052,55,532,2363.16875,0
27,2052,56,532,1857.475,0
27,2052,57,532,2463.325,0
27,2052,58,532,1935.95625,0
27,2052,59,532,2315.1375,0
27,2052,60,532,1847.00625,0
27,2052,61,532,2023.825,0
27,2052,62,532,2314.275,0
27,2052,63,532,2092.5125,0
27,2052,64,532,2276.075,0
27,2052,65,532,2216.025,0
27,2052,66,532,2047.8875,0
27,2052,67,532,1943.5375,0
27,2052,68,532,2519.09375,0
27,2052,69,532,2319.93125,0
27,2052,70,532,2634.0875,0
27,2052,71,532,2564.53125,0
27,2052,72,532,2228.80625,0
27,2052,73,532,2573.13125,0
27,2052,74,532,1996.9,0
27,2052,75,532,2639.5,0
27,2052,76,532,1852.625,0
27,2052,77,532,2046.3125,0
27,2052,78,532,2113.44375,0
27,2052,79,532,1821.29375,0
27,2052,80,532,1916.0875,0
27,2052,81,532,2672.56875,0
27,2052,82,532,2388.6625,0
27,2052,83,532,1857.09375,0
27,2052,84,532,2241.96875,0
27,2052,85,532,1758.875,0
27,2052,86,532,2743.16875,0
27,2052,87,532,2217.76875,0
27,2052,88,532,2193.575,0
27,2052,89,532,1829.6375,0
27,2052,90,532,2080.5125,0
27,2052,91,532,2537.2,0
27,2052,92,532,2475.31875,0
27,2052,93,532,2899.5,0
27,2052,94,532,2456.7375,0
27,2052,95,532,1965.19375,0
27,2052,96,532,2055.5375,0
27,2052,97,532,2141.9,0
27,2052,98,532,2112.06875,0
27,2052,99,532,2432.59375,0
27,2052,100,532,2564.325,0
27,2052,101,532,2126.3,0
27,2052,102,532,2138.325,0
27,2052,103,532,2258.03125,0
27,2052,104,532,2076.41875,0
27,2052,105,532,2280.11875,0
27,2052,106,532,2418.5,0
27,2052,107,532,2362.075,0
27,2052,108,532,1624.225,0
27,2052,109,532,2627.91875,0
27,2052,110,532,2369.49375,0
27,2052,111,532,2588.975,0
27,2052,112,532,2665.8875,0
27,2052,113,532,2241.05,0
27,2052,114,532,2124.63125,0
27,2052,115,532,1944.21875,0
27,2052,116,532,2288.10625,0
27,2052,117,532,2576.65,0
27,2052,118,532,2127.69375,0
27,2052,119,532,2265.34375,0
27,2052,120,532,2315.85,0
27,2052,121,532,2337.80625,0
27,2052,122,532,1963.21875,0
27,2052,123,532,2218.58125,0
27,2052,124,532,2511.70625,0
27,2052,125,532,2471.48125,0
27,2052,126,532,2727.9125,0
27,2052,127,532,2096.275,0
27,2052,128,532,2126.575,0
27,2052,129,532,1905.93125,0
27,2052,130,532,1628.00625,0
27,2052,131,532,1746.56875,0
27,2052,132,532,2367.81875,0
27,2052,133,532,2185.89375,0
27,2052,134,532,2364.08125,0
27,2052,135,532,1949.70625,0
27,2052,136,532,2637.66875,0
27,2052,137,532,2342.525,0
27,2052,138,532,2327.8,0
27,2052,139,532,2598.2875,0
27,2052,140,532,2469.625,0
27,2052,141,532,2100.1125,0
27,2052,142,532,2402.03125,0
27,2052,143,532,2295.975,0
27,2052,144,532,2009.5625,0
27,2052,145,532,2007.475,0
27,2052,146,532,2363.28125,0
27,2052,147,532,2186.13125,0
27,2052,148,532,2304.225,0
27,2052,149,532,2268.30625,0
27,2052,150,532,2123.0875,0
27,2052,151,532,2369.05625,0
27,2052,152,532,1815.86875,0
27,2052,153,532,1895.1,0
27,2052,154,532,1931.925,0
27,2052,155,532,2108.05625,0
27,2052,156,532,2124.76875,0
27,2052,157,532,2089.45,0
27,2052,158,532,1920.275,0
27,2052,159,532,2543.875,0
27,2052,160,532,2222.60625,0
27,2052,161,532,2488.1375,0
27,2052,162,532,2315.29375,0
27,2052,163,532,2122.83125,0
27,2052,164,532,2249.88125,0
27,2052,165,532,2800.7625,0
27,2052,166,532,2359.7875,0
27,2052,167,532,2547.2375,0
27,2052,168,532,1863.54375,0
27,2052,169,532,2585.825,0
27,2052,170,532,2267.575,0
27,2052,171,532,2320.39375,0
27,2052,172,532,2180.9375,0
27,2052,173,532,2096.40625,0
27,2052,174,532,2241.85625,0
27,2052,175,532,2089.4375,0
27,2052,176,532,1911.925,0
27,2052,177,532,1805.125,0
27,2052,178,532,2250.98125,0
27,2052,179,532,2090.7125,0
27,2052,180,532,2378.33125,0
27,2052,181,532,2480.2125,0
28,2053,1,7433,17661.89375,6800
28,2053,2,7433,15471.59375,6800
28,2053,3,6552,13701.3625,5800
28,2053,4,3719,13002.175,2400
28,2053,5,450,11080.275,0
28,2053,6,450,9664.89375,0
28,2053,7,450,8977.9125,0
28,2053,8,450,8170.875,0
28,2053,9,450,7420.25,0
28,2053,10,450,7061.6,0
28,2053,11,450,6974.45,0
28,2053,12,450,5950.575,0
28,2053,13,450,6070.15,0
28,2053,14,450,5678.76875,0
28,2053,15,282,4765.40625,0
29,2054,1,5833,17460.43125,4800
29,2054,2,5833,15108.34375,4800
29,2054,3,3614,13086.45,2400
29,2054,4,3213,11208.44375,2300
29,2054,5,772,9899.0125,0
29,2054,6,772,9127.16875,0
29,2054,7,652,8547.24375,0
29,2054,8,652,8288.99375,0
29,2054,9,452,7277.8375,0
29,2054,10,452,6571.90625,0
29,2054,11,452,5951.7875,0
29,2054,12,452,5863.00625,0
29,2054,13,452,5325.18125,0
29,2054,14,452,5038.90625,0
29,2054,15,284,4141.2625,0
30,2055,1,9672,18351.2,9100
30,2055,2,1018,15303.825,0
30,2055,3,1018,13136.7625,0
30,2055,4,610,11661.83125,0
30,2055,5,610,9862.2375,0
30,2055,6,610,8287.28125,0
30,2055,7,610,7054.5375,0
30,2055,8,610,6899.59375,0
30,2055,9,610,6522.31875,0
30,2055,10,610,6503.04375,0
30,2055,11,610,6165.80625,0
30,2055,12,610,6106.98125,0
30,2055,13,610,5535.46875,0
30,2055,14,610,5624.2625,0
30,2055,15,610,5754.20625,0
30,2055,16,610,4669.05625,0
30,2055,17,610,3906.0125,0
30,2055,18,610,3744.38125,0
30,2055,19,610,3242.6375,0
30,2055,20,530,2547.85625,0
30,2055,21,530,2640.7,0
30,2055,22,530,2147.275,0
30,2055,23,530,2218.7875,0
30,2055,24,530,2284.25625,0
30,2055,25,530,2188.25625,0
30,2055,26,530,2546.8875,0
30,2055,27,530,2213.6625,0
30,2055,28,530,2807.475,0
30,2055,29,530,2811.0625,0
30,2055,30,530,2396.175,0
30,2055,31,530,2490.95,0
30,2055,32,530,2802.7125,0
30,2055,33,530,2397.65,0
30,2055,34,530,2473.93125,0
30,2055,35,530,2274.58125,0
30,2055,36,530,2782.08125,0
30,2055,37,530,3187.9,0
30,2055,38,530,3267.65,0
30,2055,39,530,2489.5625,0
30,2055,40,530,2611.14375,0
30,2055,41,530,2604.7625,0
30,2055,42,530,2156.63125,0
30,2055,43,530,2251.90625,0
30,2055,44,530,2642.36875,0
30,2055,45,530,2932.1125,0
30,2055,46,530,2729.9125,0
30,2055,47,530,2612.25,0
30,2055,48,530,2547.63125,0
30,2055,49,530,3000.28125,0
30,2055,50,530,2678.85625,0
30,2055,51,530,2288.36875,0
30,2055,52,530,2733.08125,0
30,2055,53,530,2591.1875,0
30,2055,54,530,2663.34375,0
30,2055,55,530,2823.3375,0
30,2055,56,530,2085.13125,0
30,2055,57,530,2507.26875,0
30,2055,58,530,2305.7125,0
30,2055,59,530,2492.05,0
30,2055,60,530,2542.16875,0
30,2055,61,530,2323.55625,0
30,2055,62,530,2152.175,0
30,2055,63,530,2556,0
30,2055,64,530,2396.85625,0
30,2055,65,530,2530.56875,0
30,2055,66,530,2474.7125,0
30,2055,67,530,1890.8625,0
30,2055,68,530,2418.4875,0
30,2055,69,530,2532.5375,0
30,2055,70,530,2421.09375,0
30,2055,71,530,2563.70625,0
30,2055,72,530,2261.46875,0
30,2055,73,530,2165.15625,0
30,2055,74,530,2703.38125,0
30,2055,75,530,2174.34375,0
30,2055,76,530,2304.44375,0
30,2055,77,530,2726.2625,0
30,2055,78,530,2857.7625,0
30,2055,79,530,2516.875,0
30,2055,80,530,2825.74375,0
30,2055,81,530,2731.9875,0
30,2055,82,530,2575.825,0
30,2055,83,530,2732.7375,0
30,2055,84,530,2607.4625,0
30,2055,85,530,3006.2875,0
30,2055,86,530,2706.5625,0
30,2055,87,530,2653.85,0
30,2055,88,530,2728.825,0
30,2055,89,530,2788.9125,0
30,2055,90,530,2718.66875,0
30,2055,91,530,2807.975,0
30,2055,92,530,2580.3,0
30,2055,93,530,1911.96875,0
30,2055,94,530,2491.94375,0
30,2055,95,530,2489.45,0
30,2055,96,530,2644.91875,0
30,2055,97,530,2812.51875,0
30,2055,98,530,2826.075,0
30,2055,99,530,2996.11875,0
30,2055,100,530,2400.525,0
30,2055,101,530,2612.4,0
30,2055,102,530,2228.03125,0
30,2055,103,530,2905.075,0
30,2055,104,530,2523.54375,0
30,2055,105,530,2968.9,0
30,2055,106,530,2558.6125,0
30,2055,107,530,2464.31875,0
30,2055,108,530,2386.44375,0
30,2055,109,530,2434.94375,0
30,2055,110,530,2419.90625,0
30,2055,111,530,2768.3375,0
30,2055,112,530,2556.6,0
30,2055,113,530,1918.25,0
30,2055,114,530,2473.38125,0
30,2055,115,530,2312.625,0
30,2055,116,530,2054.4,0
30,2055,117,530,2365.4125,0
30,2055,118,530,2423.0625,0
30,2055,119,530,2383.9625,0
30,2055,120,530,2434.69375,0
30,2055,121,530,2501.23125,0
30,2055,122,530,2225.28125,0
30,2055,123,530,2622.2875,0
30,2055,124,530,2503.09375,0
30,2055,125,530,2393.5,0
30,2055,126,530,2811.4625,0
30,2055,127,530,2709.36875,0
30,2055,128,530,2927.81875,0
30,2055,129,530,2535.91875,0
30,2055,130,530,2393.30625,0
30,2055,131,530,2544.98125,0
30,2055,132,530,2439.90625,0
30,2055,133,530,2546.46875,0
30,2055,134,530,2328.94375,0
30,2055,135,530,2217.41875,0
30,2055,136,530,2322.44375,0
30,2055,137,530,2661.6,0
30,2055,138,530,2562.56875,0
30,2055,139,530,3142.9625,0
30,2055,140,530,2540.6625,0
30,2055,141,530,2620.79375,0
30,2055,142,530,2647.55625,0
30,2055,143,530,1963.94375,0
30,2055,144,530,2162.3,0
30,2055,145,530,2450.4875,0
30,2055,146,530,2763.70625,0
30,2055,147,530,2378.91875,0
30,2055,148,530,2272.225,0
30,2055,149,530,2206.55625,0
30,2055,150,530,2413.03125,0
30,2055,151,530,2394.5875,0
30,2055,152,530,2520.7375,0
30,2055,153,530,2562.2375,0
30,2055,154,530,2881.7375,0
30,2055,155,530,2915.26875,0
30,2055,156,530,2436.18125,0
30,2055,157,530,2678.41875,0
30,2055,158,530,2006.63125,0
30,2055,159,530,2643.46875,0
30,2055,160,530,2647.73125,0
30,2055,161,530,2588.6625,0
30,2055,162,530,2459.13125,0
30,2055,163,530,2382.425,0
30,2055,164,530,2120,0
30,2055,165,530,2379.20625,0
30,2055,166,530,2156.64375,0
30,2055,167,530,1920.93125,0
30,2055,168,530,2474.2375,0
30,2055,169,530,2437.1125,0
30,2055,170,530,2060.775,0
